load_backend: loaded BLAS backend from /opt/homebrew/Cellar/ggml/0.24.0/libexec/libggml-blas.so
ggml_metal_device_init: tensor API disabled for pre-M5 and pre-A19 devices
ggml_metal_library_init: using embedded metal library
ggml_metal_library_compile_all: compiled 'fa' library in 0.038 sec
ggml_metal_library_compile_all: compiled 'mul_mv' library in 0.048 sec
ggml_metal_library_compile_all: compiled 'mul_mm' library in 0.041 sec
ggml_metal_library_compile_all: compiled 'quantize' library in 0.044 sec
ggml_metal_library_compile_all: compiled 'softmax' library in 0.003 sec
ggml_metal_library_compile_all: compiled 'norm' library in 0.050 sec
ggml_metal_library_compile_all: compiled 'unary' library in 0.003 sec
ggml_metal_library_compile_all: compiled 'binbcast' library in 0.003 sec
ggml_metal_library_compile_all: compiled 'reduce' library in 0.004 sec
ggml_metal_library_compile_all: compiled 'tri' library in 0.003 sec
ggml_metal_library_compile_all: compiled 'ssm' library in 0.048 sec
ggml_metal_library_compile_all: compiled 'wkv' library in 0.050 sec
ggml_metal_library_compile_all: compiled 'gated_delta_net' library in 0.048 sec
ggml_metal_library_compile_all: compiled 'solve_tri' library in 0.050 sec
ggml_metal_library_compile_all: compiled 'rope' library in 0.050 sec
ggml_metal_library_compile_all: compiled 'conv' library in 0.047 sec
ggml_metal_library_compile_all: compiled 'upscale' library in 0.048 sec
ggml_metal_library_compile_all: compiled 'argsort' library in 0.049 sec
ggml_metal_library_compile_all: compiled 'pool' library in 0.048 sec
ggml_metal_library_compile_all: compiled 'misc' library in 0.049 sec
ggml_metal_library_compile_all: loaded 20 libraries from embedded data in 0.050 sec (max single = 0.050 sec)
ggml_metal_rsets_init: creating a residency set collection (keep_alive = 180 s)
ggml_metal_device_init: GPU name:   MTL0 (Apple M3)
ggml_metal_device_init: GPU family: MTLGPUFamilyApple9  (1009)
ggml_metal_device_init: GPU family: MTLGPUFamilyCommon3 (3003)
ggml_metal_device_init: GPU family: MTLGPUFamilyMetal4  (5002)
ggml_metal_device_init: simdgroup reduction   = true
ggml_metal_device_init: simdgroup matrix mul. = true
ggml_metal_device_init: has unified memory    = true
ggml_metal_device_init: has bfloat            = true
ggml_metal_device_init: has tensor            = false
ggml_metal_device_init: use residency sets    = true
ggml_metal_device_init: use shared buffers    = true
ggml_metal_device_init: recommendedMaxWorkingSetSize  = 12713.12 MB
load_backend: loaded MTL backend from /opt/homebrew/Cellar/ggml/0.24.0/libexec/libggml-metal.so
load_backend: loaded CPU backend from /opt/homebrew/Cellar/ggml/0.24.0/libexec/libggml-cpu-apple_m2_m3.so
whisper_init_from_file_with_params_no_state: loading model from '/Users/p/Desktop/programming/wai/models/ggml-small.bin'
whisper_init_with_params_no_state: use gpu    = 1
whisper_init_with_params_no_state: flash attn = 1
whisper_init_with_params_no_state: gpu_device = 0
whisper_init_with_params_no_state: dtw        = 0
whisper_init_with_params_no_state: devices    = 3
whisper_init_with_params_no_state: backends   = 3
whisper_model_load: loading model
whisper_model_load: n_vocab       = 51865
whisper_model_load: n_audio_ctx   = 1500
whisper_model_load: n_audio_state = 768
whisper_model_load: n_audio_head  = 12
whisper_model_load: n_audio_layer = 12
whisper_model_load: n_text_ctx    = 448
whisper_model_load: n_text_state  = 768
whisper_model_load: n_text_head   = 12
whisper_model_load: n_text_layer  = 12
whisper_model_load: n_mels        = 80
whisper_model_load: ftype         = 1
whisper_model_load: qntvr         = 0
whisper_model_load: type          = 3 (small)
whisper_model_load: adding 1608 extra tokens
whisper_model_load: n_langs       = 99
whisper_model_load:         MTL0 total size =   487.01 MB
whisper_model_load: model size    =  487.01 MB
whisper_backend_init_gpu: device 0: BLAS (type: 3)
whisper_backend_init_gpu: device 1: MTL0 (type: 1)
whisper_backend_init_gpu: found GPU device 1: MTL0 (type: 1, cnt: 0)
whisper_backend_init_gpu: using MTL0 backend
ggml_metal_init: allocating
ggml_metal_init: found device: Apple M3
ggml_metal_init: picking default device: Apple M3
ggml_metal_init: use fusion         = true
ggml_metal_init: use concurrency    = true
ggml_metal_init: use graph optimize = true
whisper_backend_init: using BLAS backend
whisper_init_state: kv self size  =   18.87 MB
whisper_init_state: kv cross size =   56.62 MB
whisper_init_state: kv pad  size  =    4.72 MB
whisper_init_state: compute buffer (conv)   =   23.38 MB
whisper_init_state: compute buffer (encode) =   39.56 MB
whisper_init_state: compute buffer (cross)  =   79.93 MB
whisper_init_state: compute buffer (decode) =   98.21 MB

system_info: n_threads = 7 / 8 | WHISPER : VITISAI = 0 | COREML = 0 | OPENVINO = 0 | MTL : EMBED_LIBRARY = 1 | CPU : NEON = 1 | ARM_FMA = 1 | MATMUL_INT8 = 1 | DOTPROD = 1 | ACCELERATE = 1 | OPENMP = 1 | REPACK = 1 | 

operator(): processing '20260924-153757-15e022.wav' (168073 samples, 10.5 sec), 7 threads, 1 processors, lang = auto, task = transcribe, timestamps = 1 ...

whisper_full_with_state: auto-detected language: en (p = 0.997613)

whisper_print_timings:     load time =   326.91 ms
whisper_print_timings:     fallbacks =   0 p /   0 h
whisper_print_timings:      mel time =     4.53 ms
whisper_print_timings:   sample time =    29.16 ms /     1 runs (    29.16 ms per run)
whisper_print_timings:   encode time =  1009.53 ms /     3 runs (   336.51 ms per run)
whisper_print_timings:   decode time =   533.60 ms /    45 runs (    11.86 ms per run)
whisper_print_timings:   batchd time =    13.30 ms /     3 runs (     4.43 ms per run)
whisper_print_timings:   prompt time =     0.00 ms /     1 runs (     0.00 ms per run)
whisper_print_timings:    total time = 208624.70 ms
ggml_metal_free: deallocating

whisper server listening at http://127.0.0.1:8178

Received request: 20260924-153757-15e022.wav
Successfully loaded 20260924-153757-15e022.wav
Running whisper.cpp inference on 20260924-153757-15e022.wav

Caught signal 15, shutting down gracefully...
load_backend: loaded BLAS backend from /opt/homebrew/Cellar/ggml/0.24.0/libexec/libggml-blas.so
ggml_metal_device_init: tensor API disabled for pre-M5 and pre-A19 devices
ggml_metal_library_init: using embedded metal library
ggml_metal_library_compile_all: compiled 'fa' library in 0.019 sec
ggml_metal_library_compile_all: compiled 'mul_mv' library in 0.005 sec
ggml_metal_library_compile_all: compiled 'mul_mm' library in 0.003 sec
ggml_metal_library_compile_all: compiled 'quantize' library in 0.006 sec
ggml_metal_library_compile_all: compiled 'softmax' library in 0.001 sec
ggml_metal_library_compile_all: compiled 'norm' library in 0.001 sec
ggml_metal_library_compile_all: compiled 'unary' library in 0.001 sec
ggml_metal_library_compile_all: compiled 'binbcast' library in 0.006 sec
ggml_metal_library_compile_all: compiled 'reduce' library in 0.001 sec
ggml_metal_library_compile_all: compiled 'tri' library in 0.005 sec
ggml_metal_library_compile_all: compiled 'ssm' library in 0.005 sec
ggml_metal_library_compile_all: compiled 'wkv' library in 0.005 sec
ggml_metal_library_compile_all: compiled 'gated_delta_net' library in 0.004 sec
ggml_metal_library_compile_all: compiled 'solve_tri' library in 0.004 sec
ggml_metal_library_compile_all: compiled 'rope' library in 0.004 sec
ggml_metal_library_compile_all: compiled 'conv' library in 0.004 sec
ggml_metal_library_compile_all: compiled 'upscale' library in 0.005 sec
ggml_metal_library_compile_all: compiled 'argsort' library in 0.005 sec
ggml_metal_library_compile_all: compiled 'pool' library in 0.002 sec
ggml_metal_library_compile_all: compiled 'misc' library in 0.002 sec
ggml_metal_library_compile_all: loaded 20 libraries from embedded data in 0.019 sec (max single = 0.019 sec)
ggml_metal_rsets_init: creating a residency set collection (keep_alive = 180 s)
ggml_metal_device_init: GPU name:   MTL0 (Apple M3)
ggml_metal_device_init: GPU family: MTLGPUFamilyApple9  (1009)
ggml_metal_device_init: GPU family: MTLGPUFamilyCommon3 (3003)
ggml_metal_device_init: GPU family: MTLGPUFamilyMetal4  (5002)
ggml_metal_device_init: simdgroup reduction   = true
ggml_metal_device_init: simdgroup matrix mul. = true
ggml_metal_device_init: has unified memory    = true
ggml_metal_device_init: has bfloat            = true
ggml_metal_device_init: has tensor            = false
ggml_metal_device_init: use residency sets    = true
ggml_metal_device_init: use shared buffers    = true
ggml_metal_device_init: recommendedMaxWorkingSetSize  = 12713.12 MB
load_backend: loaded MTL backend from /opt/homebrew/Cellar/ggml/0.24.0/libexec/libggml-metal.so
load_backend: loaded CPU backend from /opt/homebrew/Cellar/ggml/0.24.0/libexec/libggml-cpu-apple_m2_m3.so
whisper_init_from_file_with_params_no_state: loading model from '/Users/p/Desktop/programming/wai/models/ggml-small.bin'
whisper_init_with_params_no_state: use gpu    = 1
whisper_init_with_params_no_state: flash attn = 1
whisper_init_with_params_no_state: gpu_device = 0
whisper_init_with_params_no_state: dtw        = 0
whisper_init_with_params_no_state: devices    = 3
whisper_init_with_params_no_state: backends   = 3
whisper_model_load: loading model
whisper_model_load: n_vocab       = 51865
whisper_model_load: n_audio_ctx   = 1500
whisper_model_load: n_audio_state = 768
whisper_model_load: n_audio_head  = 12
whisper_model_load: n_audio_layer = 12
whisper_model_load: n_text_ctx    = 448
whisper_model_load: n_text_state  = 768
whisper_model_load: n_text_head   = 12
whisper_model_load: n_text_layer  = 12
whisper_model_load: n_mels        = 80
whisper_model_load: ftype         = 1
whisper_model_load: qntvr         = 0
whisper_model_load: type          = 3 (small)
whisper_model_load: adding 1608 extra tokens
whisper_model_load: n_langs       = 99
whisper_model_load:         MTL0 total size =   487.01 MB
whisper_model_load: model size    =  487.01 MB
whisper_backend_init_gpu: device 0: BLAS (type: 3)
whisper_backend_init_gpu: device 1: MTL0 (type: 1)
whisper_backend_init_gpu: found GPU device 1: MTL0 (type: 1, cnt: 0)
whisper_backend_init_gpu: using MTL0 backend
ggml_metal_init: allocating
ggml_metal_init: found device: Apple M3
ggml_metal_init: picking default device: Apple M3
ggml_metal_init: use fusion         = true
ggml_metal_init: use concurrency    = true
ggml_metal_init: use graph optimize = true
whisper_backend_init: using BLAS backend
whisper_init_state: kv self size  =   18.87 MB
whisper_init_state: kv cross size =   56.62 MB
whisper_init_state: kv pad  size  =    4.72 MB
whisper_init_state: compute buffer (conv)   =   23.38 MB
whisper_init_state: compute buffer (encode) =   39.56 MB
whisper_init_state: compute buffer (cross)  =   79.93 MB
whisper_init_state: compute buffer (decode) =   98.21 MB

system_info: n_threads = 7 / 8 | WHISPER : VITISAI = 0 | COREML = 0 | OPENVINO = 0 | MTL : EMBED_LIBRARY = 1 | CPU : NEON = 1 | ARM_FMA = 1 | MATMUL_INT8 = 1 | DOTPROD = 1 | ACCELERATE = 1 | OPENMP = 1 | REPACK = 1 | 

operator(): processing '20260924-154226-521a10.wav' (168073 samples, 10.5 sec), 7 threads, 1 processors, lang = auto, task = transcribe, timestamps = 1 ...

whisper_full_with_state: auto-detected language: en (p = 0.998432)

whisper_print_timings:     load time =   296.10 ms
whisper_print_timings:     fallbacks =   0 p /   0 h
whisper_print_timings:      mel time =     4.38 ms
whisper_print_timings:   sample time =    23.50 ms /     1 runs (    23.50 ms per run)
whisper_print_timings:   encode time =  1131.92 ms /     3 runs (   377.31 ms per run)
whisper_print_timings:   decode time =   362.69 ms /    45 runs (     8.06 ms per run)
whisper_print_timings:   batchd time =     8.92 ms /     3 runs (     2.97 ms per run)
whisper_print_timings:   prompt time =     0.00 ms /     1 runs (     0.00 ms per run)
whisper_print_timings:    total time = 130265.66 ms
ggml_metal_free: deallocating

whisper server listening at http://127.0.0.1:8178

Received request: 20260924-154226-521a10.wav
Successfully loaded 20260924-154226-521a10.wav
Running whisper.cpp inference on 20260924-154226-521a10.wav

Caught signal 15, shutting down gracefully...
load_backend: loaded BLAS backend from /opt/homebrew/Cellar/ggml/0.24.0/libexec/libggml-blas.so
ggml_metal_device_init: tensor API disabled for pre-M5 and pre-A19 devices
ggml_metal_library_init: using embedded metal library
ggml_metal_library_compile_all: compiled 'fa' library in 0.044 sec
ggml_metal_library_compile_all: compiled 'mul_mv' library in 0.047 sec
ggml_metal_library_compile_all: compiled 'mul_mm' library in 0.046 sec
ggml_metal_library_compile_all: compiled 'quantize' library in 0.044 sec
ggml_metal_library_compile_all: compiled 'softmax' library in 0.028 sec
ggml_metal_library_compile_all: compiled 'norm' library in 0.028 sec
ggml_metal_library_compile_all: compiled 'unary' library in 0.048 sec
ggml_metal_library_compile_all: compiled 'binbcast' library in 0.028 sec
ggml_metal_library_compile_all: compiled 'reduce' library in 0.048 sec
ggml_metal_library_compile_all: compiled 'tri' library in 0.029 sec
ggml_metal_library_compile_all: compiled 'ssm' library in 0.047 sec
ggml_metal_library_compile_all: compiled 'wkv' library in 0.028 sec
ggml_metal_library_compile_all: compiled 'gated_delta_net' library in 0.047 sec
ggml_metal_library_compile_all: compiled 'solve_tri' library in 0.047 sec
ggml_metal_library_compile_all: compiled 'rope' library in 0.047 sec
ggml_metal_library_compile_all: compiled 'conv' library in 0.047 sec
ggml_metal_library_compile_all: compiled 'upscale' library in 0.047 sec
ggml_metal_library_compile_all: compiled 'argsort' library in 0.047 sec
ggml_metal_library_compile_all: compiled 'pool' library in 0.047 sec
ggml_metal_library_compile_all: compiled 'misc' library in 0.047 sec
ggml_metal_library_compile_all: loaded 20 libraries from embedded data in 0.049 sec (max single = 0.048 sec)
ggml_metal_rsets_init: creating a residency set collection (keep_alive = 180 s)
ggml_metal_device_init: GPU name:   MTL0 (Apple M3)
ggml_metal_device_init: GPU family: MTLGPUFamilyApple9  (1009)
ggml_metal_device_init: GPU family: MTLGPUFamilyCommon3 (3003)
ggml_metal_device_init: GPU family: MTLGPUFamilyMetal4  (5002)
ggml_metal_device_init: simdgroup reduction   = true
ggml_metal_device_init: simdgroup matrix mul. = true
ggml_metal_device_init: has unified memory    = true
ggml_metal_device_init: has bfloat            = true
ggml_metal_device_init: has tensor            = false
ggml_metal_device_init: use residency sets    = true
ggml_metal_device_init: use shared buffers    = true
ggml_metal_device_init: recommendedMaxWorkingSetSize  = 12713.12 MB
load_backend: loaded MTL backend from /opt/homebrew/Cellar/ggml/0.24.0/libexec/libggml-metal.so
load_backend: loaded CPU backend from /opt/homebrew/Cellar/ggml/0.24.0/libexec/libggml-cpu-apple_m2_m3.so
whisper_init_from_file_with_params_no_state: loading model from '/Users/p/Desktop/programming/wai/models/ggml-small-copy.bin'
whisper_init_with_params_no_state: use gpu    = 1
whisper_init_with_params_no_state: flash attn = 1
whisper_init_with_params_no_state: gpu_device = 0
whisper_init_with_params_no_state: dtw        = 0
whisper_init_with_params_no_state: devices    = 3
whisper_init_with_params_no_state: backends   = 3
whisper_model_load: loading model
whisper_model_load: n_vocab       = 51865
whisper_model_load: n_audio_ctx   = 1500
whisper_model_load: n_audio_state = 768
whisper_model_load: n_audio_head  = 12
whisper_model_load: n_audio_layer = 12
whisper_model_load: n_text_ctx    = 448
whisper_model_load: n_text_state  = 768
whisper_model_load: n_text_head   = 12
whisper_model_load: n_text_layer  = 12
whisper_model_load: n_mels        = 80
whisper_model_load: ftype         = 1
whisper_model_load: qntvr         = 0
whisper_model_load: type          = 3 (small)
whisper_model_load: adding 1608 extra tokens
whisper_model_load: n_langs       = 99
whisper_model_load:         MTL0 total size =   487.01 MB
whisper_model_load: model size    =  487.01 MB
whisper_backend_init_gpu: device 0: BLAS (type: 3)
whisper_backend_init_gpu: device 1: MTL0 (type: 1)
whisper_backend_init_gpu: found GPU device 1: MTL0 (type: 1, cnt: 0)
whisper_backend_init_gpu: using MTL0 backend
ggml_metal_init: allocating
ggml_metal_init: found device: Apple M3
ggml_metal_init: picking default device: Apple M3
ggml_metal_init: use fusion         = true
ggml_metal_init: use concurrency    = true
ggml_metal_init: use graph optimize = true
whisper_backend_init: using BLAS backend
whisper_init_state: kv self size  =   18.87 MB
whisper_init_state: kv cross size =   56.62 MB
whisper_init_state: kv pad  size  =    4.72 MB
whisper_init_state: compute buffer (conv)   =   23.38 MB
whisper_init_state: compute buffer (encode) =   39.56 MB
whisper_init_state: compute buffer (cross)  =   79.93 MB
whisper_init_state: compute buffer (decode) =   98.21 MB

whisper_print_timings:     load time =   312.91 ms
whisper_print_timings:     fallbacks =   0 p /   0 h
whisper_print_timings:      mel time =     0.00 ms
whisper_print_timings:   sample time =     0.00 ms /     1 runs (     0.00 ms per run)
whisper_print_timings:   encode time =     0.00 ms /     1 runs (     0.00 ms per run)
whisper_print_timings:   decode time =     0.00 ms /     1 runs (     0.00 ms per run)
whisper_print_timings:   batchd time =     0.00 ms /     1 runs (     0.00 ms per run)
whisper_print_timings:   prompt time =     0.00 ms /     1 runs (     0.00 ms per run)
whisper_print_timings:    total time = 18517.03 ms
ggml_metal_free: deallocating

whisper server listening at http://127.0.0.1:8178


Caught signal 15, shutting down gracefully...
load_backend: loaded BLAS backend from /opt/homebrew/Cellar/ggml/0.24.0/libexec/libggml-blas.so
ggml_metal_device_init: tensor API disabled for pre-M5 and pre-A19 devices
ggml_metal_library_init: using embedded metal library
ggml_metal_library_compile_all: compiled 'fa' library in 0.014 sec
ggml_metal_library_compile_all: compiled 'mul_mv' library in 0.017 sec
ggml_metal_library_compile_all: compiled 'mul_mm' library in 0.015 sec
ggml_metal_library_compile_all: compiled 'quantize' library in 0.018 sec
ggml_metal_library_compile_all: compiled 'softmax' library in 0.001 sec
ggml_metal_library_compile_all: compiled 'norm' library in 0.001 sec
ggml_metal_library_compile_all: compiled 'unary' library in 0.001 sec
ggml_metal_library_compile_all: compiled 'binbcast' library in 0.018 sec
ggml_metal_library_compile_all: compiled 'reduce' library in 0.015 sec
ggml_metal_library_compile_all: compiled 'tri' library in 0.015 sec
ggml_metal_library_compile_all: compiled 'ssm' library in 0.017 sec
ggml_metal_library_compile_all: compiled 'wkv' library in 0.015 sec
ggml_metal_library_compile_all: compiled 'gated_delta_net' library in 0.018 sec
ggml_metal_library_compile_all: compiled 'solve_tri' library in 0.017 sec
ggml_metal_library_compile_all: compiled 'rope' library in 0.017 sec
ggml_metal_library_compile_all: compiled 'conv' library in 0.017 sec
ggml_metal_library_compile_all: compiled 'upscale' library in 0.017 sec
ggml_metal_library_compile_all: compiled 'argsort' library in 0.016 sec
ggml_metal_library_compile_all: compiled 'pool' library in 0.017 sec
ggml_metal_library_compile_all: compiled 'misc' library in 0.016 sec
ggml_metal_library_compile_all: loaded 20 libraries from embedded data in 0.018 sec (max single = 0.018 sec)
ggml_metal_rsets_init: creating a residency set collection (keep_alive = 180 s)
ggml_metal_device_init: GPU name:   MTL0 (Apple M3)
ggml_metal_device_init: GPU family: MTLGPUFamilyApple9  (1009)
ggml_metal_device_init: GPU family: MTLGPUFamilyCommon3 (3003)
ggml_metal_device_init: GPU family: MTLGPUFamilyMetal4  (5002)
ggml_metal_device_init: simdgroup reduction   = true
ggml_metal_device_init: simdgroup matrix mul. = true
ggml_metal_device_init: has unified memory    = true
ggml_metal_device_init: has bfloat            = true
ggml_metal_device_init: has tensor            = false
ggml_metal_device_init: use residency sets    = true
ggml_metal_device_init: use shared buffers    = true
ggml_metal_device_init: recommendedMaxWorkingSetSize  = 12713.12 MB
load_backend: loaded MTL backend from /opt/homebrew/Cellar/ggml/0.24.0/libexec/libggml-metal.so
load_backend: loaded CPU backend from /opt/homebrew/Cellar/ggml/0.24.0/libexec/libggml-cpu-apple_m2_m3.so
whisper_init_from_file_with_params_no_state: loading model from '/Users/p/Desktop/programming/wai/models/ggml-small.bin'
whisper_init_with_params_no_state: use gpu    = 1
whisper_init_with_params_no_state: flash attn = 1
whisper_init_with_params_no_state: gpu_device = 0
whisper_init_with_params_no_state: dtw        = 0
whisper_init_with_params_no_state: devices    = 3
whisper_init_with_params_no_state: backends   = 3
whisper_model_load: loading model
whisper_model_load: n_vocab       = 51865
whisper_model_load: n_audio_ctx   = 1500
whisper_model_load: n_audio_state = 768
whisper_model_load: n_audio_head  = 12
whisper_model_load: n_audio_layer = 12
whisper_model_load: n_text_ctx    = 448
whisper_model_load: n_text_state  = 768
whisper_model_load: n_text_head   = 12
whisper_model_load: n_text_layer  = 12
whisper_model_load: n_mels        = 80
whisper_model_load: ftype         = 1
whisper_model_load: qntvr         = 0
whisper_model_load: type          = 3 (small)
whisper_model_load: adding 1608 extra tokens
whisper_model_load: n_langs       = 99
whisper_model_load:         MTL0 total size =   487.01 MB
whisper_model_load: model size    =  487.01 MB
whisper_backend_init_gpu: device 0: BLAS (type: 3)
whisper_backend_init_gpu: device 1: MTL0 (type: 1)
whisper_backend_init_gpu: found GPU device 1: MTL0 (type: 1, cnt: 0)
whisper_backend_init_gpu: using MTL0 backend
ggml_metal_init: allocating
ggml_metal_init: found device: Apple M3
ggml_metal_init: picking default device: Apple M3
ggml_metal_init: use fusion         = true
ggml_metal_init: use concurrency    = true
ggml_metal_init: use graph optimize = true
whisper_backend_init: using BLAS backend
whisper_init_state: kv self size  =   18.87 MB
whisper_init_state: kv cross size =   56.62 MB
whisper_init_state: kv pad  size  =    4.72 MB
whisper_init_state: compute buffer (conv)   =   23.38 MB
whisper_init_state: compute buffer (encode) =   39.56 MB
whisper_init_state: compute buffer (cross)  =   79.93 MB
whisper_init_state: compute buffer (decode) =   98.21 MB

whisper_print_timings:     load time =   265.77 ms
whisper_print_timings:     fallbacks =   0 p /   0 h
whisper_print_timings:      mel time =     0.00 ms
whisper_print_timings:   sample time =     0.00 ms /     1 runs (     0.00 ms per run)
whisper_print_timings:   encode time =     0.00 ms /     1 runs (     0.00 ms per run)
whisper_print_timings:   decode time =     0.00 ms /     1 runs (     0.00 ms per run)
whisper_print_timings:   batchd time =     0.00 ms /     1 runs (     0.00 ms per run)
whisper_print_timings:   prompt time =     0.00 ms /     1 runs (     0.00 ms per run)
whisper_print_timings:    total time =  3898.62 ms
ggml_metal_free: deallocating

whisper server listening at http://127.0.0.1:8178


Caught signal 15, shutting down gracefully...
load_backend: loaded BLAS backend from /opt/homebrew/Cellar/ggml/0.24.0/libexec/libggml-blas.so
ggml_metal_device_init: tensor API disabled for pre-M5 and pre-A19 devices
ggml_metal_library_init: using embedded metal library
ggml_metal_library_compile_all: compiled 'fa' library in 0.016 sec
ggml_metal_library_compile_all: compiled 'mul_mv' library in 0.020 sec
ggml_metal_library_compile_all: compiled 'mul_mm' library in 0.018 sec
ggml_metal_library_compile_all: compiled 'quantize' library in 0.020 sec
ggml_metal_library_compile_all: compiled 'softmax' library in 0.001 sec
ggml_metal_library_compile_all: compiled 'norm' library in 0.001 sec
ggml_metal_library_compile_all: compiled 'unary' library in 0.001 sec
ggml_metal_library_compile_all: compiled 'binbcast' library in 0.020 sec
ggml_metal_library_compile_all: compiled 'reduce' library in 0.017 sec
ggml_metal_library_compile_all: compiled 'tri' library in 0.017 sec
ggml_metal_library_compile_all: compiled 'ssm' library in 0.019 sec
ggml_metal_library_compile_all: compiled 'wkv' library in 0.017 sec
ggml_metal_library_compile_all: compiled 'gated_delta_net' library in 0.020 sec
ggml_metal_library_compile_all: compiled 'solve_tri' library in 0.020 sec
ggml_metal_library_compile_all: compiled 'rope' library in 0.020 sec
ggml_metal_library_compile_all: compiled 'conv' library in 0.020 sec
ggml_metal_library_compile_all: compiled 'upscale' library in 0.019 sec
ggml_metal_library_compile_all: compiled 'argsort' library in 0.019 sec
ggml_metal_library_compile_all: compiled 'pool' library in 0.019 sec
ggml_metal_library_compile_all: compiled 'misc' library in 0.020 sec
ggml_metal_library_compile_all: loaded 20 libraries from embedded data in 0.021 sec (max single = 0.020 sec)
ggml_metal_rsets_init: creating a residency set collection (keep_alive = 180 s)
ggml_metal_device_init: GPU name:   MTL0 (Apple M3)
ggml_metal_device_init: GPU family: MTLGPUFamilyApple9  (1009)
ggml_metal_device_init: GPU family: MTLGPUFamilyCommon3 (3003)
ggml_metal_device_init: GPU family: MTLGPUFamilyMetal4  (5002)
ggml_metal_device_init: simdgroup reduction   = true
ggml_metal_device_init: simdgroup matrix mul. = true
ggml_metal_device_init: has unified memory    = true
ggml_metal_device_init: has bfloat            = true
ggml_metal_device_init: has tensor            = false
ggml_metal_device_init: use residency sets    = true
ggml_metal_device_init: use shared buffers    = true
ggml_metal_device_init: recommendedMaxWorkingSetSize  = 12713.12 MB
load_backend: loaded MTL backend from /opt/homebrew/Cellar/ggml/0.24.0/libexec/libggml-metal.so
load_backend: loaded CPU backend from /opt/homebrew/Cellar/ggml/0.24.0/libexec/libggml-cpu-apple_m2_m3.so
whisper_init_from_file_with_params_no_state: loading model from '/Users/p/Desktop/programming/wai/models/ggml-small.bin'
whisper_init_with_params_no_state: use gpu    = 1
whisper_init_with_params_no_state: flash attn = 1
whisper_init_with_params_no_state: gpu_device = 0
whisper_init_with_params_no_state: dtw        = 0
whisper_init_with_params_no_state: devices    = 3
whisper_init_with_params_no_state: backends   = 3
whisper_model_load: loading model
whisper_model_load: n_vocab       = 51865
whisper_model_load: n_audio_ctx   = 1500
whisper_model_load: n_audio_state = 768
whisper_model_load: n_audio_head  = 12
whisper_model_load: n_audio_layer = 12
whisper_model_load: n_text_ctx    = 448
whisper_model_load: n_text_state  = 768
whisper_model_load: n_text_head   = 12
whisper_model_load: n_text_layer  = 12
whisper_model_load: n_mels        = 80
whisper_model_load: ftype         = 1
whisper_model_load: qntvr         = 0
whisper_model_load: type          = 3 (small)
whisper_model_load: adding 1608 extra tokens
whisper_model_load: n_langs       = 99
whisper_model_load:         MTL0 total size =   487.01 MB
whisper_model_load: model size    =  487.01 MB
whisper_backend_init_gpu: device 0: BLAS (type: 3)
whisper_backend_init_gpu: device 1: MTL0 (type: 1)
whisper_backend_init_gpu: found GPU device 1: MTL0 (type: 1, cnt: 0)
whisper_backend_init_gpu: using MTL0 backend
ggml_metal_init: allocating
ggml_metal_init: found device: Apple M3
ggml_metal_init: picking default device: Apple M3
ggml_metal_init: use fusion         = true
ggml_metal_init: use concurrency    = true
ggml_metal_init: use graph optimize = true
whisper_backend_init: using BLAS backend
whisper_init_state: kv self size  =   18.87 MB
whisper_init_state: kv cross size =   56.62 MB
whisper_init_state: kv pad  size  =    4.72 MB
whisper_init_state: compute buffer (conv)   =   23.38 MB
whisper_init_state: compute buffer (encode) =   39.56 MB
whisper_init_state: compute buffer (cross)  =   79.93 MB
whisper_init_state: compute buffer (decode) =   98.21 MB

whisper_print_timings:     load time =   252.64 ms
whisper_print_timings:     fallbacks =   0 p /   0 h
whisper_print_timings:      mel time =     0.00 ms
whisper_print_timings:   sample time =     0.00 ms /     1 runs (     0.00 ms per run)
whisper_print_timings:   encode time =     0.00 ms /     1 runs (     0.00 ms per run)
whisper_print_timings:   decode time =     0.00 ms /     1 runs (     0.00 ms per run)
whisper_print_timings:   batchd time =     0.00 ms /     1 runs (     0.00 ms per run)
whisper_print_timings:   prompt time =     0.00 ms /     1 runs (     0.00 ms per run)
whisper_print_timings:    total time = 306387.25 ms
ggml_metal_free: deallocating

whisper server listening at http://127.0.0.1:8178


Caught signal 15, shutting down gracefully...
load_backend: loaded BLAS backend from /opt/homebrew/Cellar/ggml/0.24.0/libexec/libggml-blas.so
ggml_metal_device_init: tensor API disabled for pre-M5 and pre-A19 devices
ggml_metal_library_init: using embedded metal library
ggml_metal_library_compile_all: compiled 'fa' library in 0.016 sec
ggml_metal_library_compile_all: compiled 'mul_mv' library in 0.019 sec
ggml_metal_library_compile_all: compiled 'mul_mm' library in 0.017 sec
ggml_metal_library_compile_all: compiled 'quantize' library in 0.019 sec
ggml_metal_library_compile_all: compiled 'softmax' library in 0.002 sec
ggml_metal_library_compile_all: compiled 'norm' library in 0.002 sec
ggml_metal_library_compile_all: compiled 'unary' library in 0.002 sec
ggml_metal_library_compile_all: compiled 'binbcast' library in 0.019 sec
ggml_metal_library_compile_all: compiled 'reduce' library in 0.016 sec
ggml_metal_library_compile_all: compiled 'tri' library in 0.016 sec
ggml_metal_library_compile_all: compiled 'ssm' library in 0.018 sec
ggml_metal_library_compile_all: compiled 'wkv' library in 0.016 sec
ggml_metal_library_compile_all: compiled 'gated_delta_net' library in 0.019 sec
ggml_metal_library_compile_all: compiled 'solve_tri' library in 0.018 sec
ggml_metal_library_compile_all: compiled 'rope' library in 0.019 sec
ggml_metal_library_compile_all: compiled 'conv' library in 0.018 sec
ggml_metal_library_compile_all: compiled 'upscale' library in 0.017 sec
ggml_metal_library_compile_all: compiled 'argsort' library in 0.018 sec
ggml_metal_library_compile_all: compiled 'pool' library in 0.017 sec
ggml_metal_library_compile_all: compiled 'misc' library in 0.017 sec
ggml_metal_library_compile_all: loaded 20 libraries from embedded data in 0.020 sec (max single = 0.019 sec)
ggml_metal_rsets_init: creating a residency set collection (keep_alive = 180 s)
ggml_metal_device_init: GPU name:   MTL0 (Apple M3)
ggml_metal_device_init: GPU family: MTLGPUFamilyApple9  (1009)
ggml_metal_device_init: GPU family: MTLGPUFamilyCommon3 (3003)
ggml_metal_device_init: GPU family: MTLGPUFamilyMetal4  (5002)
ggml_metal_device_init: simdgroup reduction   = true
ggml_metal_device_init: simdgroup matrix mul. = true
ggml_metal_device_init: has unified memory    = true
ggml_metal_device_init: has bfloat            = true
ggml_metal_device_init: has tensor            = false
ggml_metal_device_init: use residency sets    = true
ggml_metal_device_init: use shared buffers    = true
ggml_metal_device_init: recommendedMaxWorkingSetSize  = 12713.12 MB
load_backend: loaded MTL backend from /opt/homebrew/Cellar/ggml/0.24.0/libexec/libggml-metal.so
load_backend: loaded CPU backend from /opt/homebrew/Cellar/ggml/0.24.0/libexec/libggml-cpu-apple_m2_m3.so
whisper_init_from_file_with_params_no_state: loading model from '/Users/p/Desktop/programming/wai/models/ggml-small.bin'
whisper_init_with_params_no_state: use gpu    = 1
whisper_init_with_params_no_state: flash attn = 1
whisper_init_with_params_no_state: gpu_device = 0
whisper_init_with_params_no_state: dtw        = 0
whisper_init_with_params_no_state: devices    = 3
whisper_init_with_params_no_state: backends   = 3
whisper_model_load: loading model
whisper_model_load: n_vocab       = 51865
whisper_model_load: n_audio_ctx   = 1500
whisper_model_load: n_audio_state = 768
whisper_model_load: n_audio_head  = 12
whisper_model_load: n_audio_layer = 12
whisper_model_load: n_text_ctx    = 448
whisper_model_load: n_text_state  = 768
whisper_model_load: n_text_head   = 12
whisper_model_load: n_text_layer  = 12
whisper_model_load: n_mels        = 80
whisper_model_load: ftype         = 1
whisper_model_load: qntvr         = 0
whisper_model_load: type          = 3 (small)
whisper_model_load: adding 1608 extra tokens
whisper_model_load: n_langs       = 99
whisper_model_load:         MTL0 total size =   487.01 MB
whisper_model_load: model size    =  487.01 MB
whisper_backend_init_gpu: device 0: BLAS (type: 3)
whisper_backend_init_gpu: device 1: MTL0 (type: 1)
whisper_backend_init_gpu: found GPU device 1: MTL0 (type: 1, cnt: 0)
whisper_backend_init_gpu: using MTL0 backend
ggml_metal_init: allocating
ggml_metal_init: found device: Apple M3
ggml_metal_init: picking default device: Apple M3
ggml_metal_init: use fusion         = true
ggml_metal_init: use concurrency    = true
ggml_metal_init: use graph optimize = true
whisper_backend_init: using BLAS backend
whisper_init_state: kv self size  =   18.87 MB
whisper_init_state: kv cross size =   56.62 MB
whisper_init_state: kv pad  size  =    4.72 MB
whisper_init_state: compute buffer (conv)   =   23.38 MB
whisper_init_state: compute buffer (encode) =   39.56 MB
whisper_init_state: compute buffer (cross)  =   79.93 MB
whisper_init_state: compute buffer (decode) =   98.21 MB

system_info: n_threads = 7 / 8 | WHISPER : VITISAI = 0 | COREML = 0 | OPENVINO = 0 | MTL : EMBED_LIBRARY = 1 | CPU : NEON = 1 | ARM_FMA = 1 | MATMUL_INT8 = 1 | DOTPROD = 1 | ACCELERATE = 1 | OPENMP = 1 | REPACK = 1 | 

operator(): processing 'silence.wav' (16000 samples, 1.0 sec), 7 threads, 1 processors, lang = en zh de es ru ko fr ja pt tr pl ca nl ar sv it id hi fi vi he uk el ms cs ro da hu ta no th ur hr bg lt la mi ml cy sk te fa lv bn sr az sl kn et mk br eu is hy ne mn bs kk sq sw gl mr pa si km sn yo so af oc ka be tg sd gu am yi lo uz fo ht ps tk nn mt sa lb my bo tl mg as tt haw ln ha ba jw su yue, task = transcribe, timestamps = 1 ...

whisper_lang_id: unknown language 'en zh de es ru ko fr ja pt tr pl ca nl ar sv it id hi fi vi he uk el ms cs ro da hu ta no th ur hr bg lt la mi ml cy sk te fa lv bn sr az sl kn et mk br eu is hy ne mn bs kk sq sw gl mr pa si km sn yo so af oc ka be tg sd gu am yi lo uz fo ht ps tk nn mt sa lb my bo tl mg as tt haw ln ha ba jw su yue'

system_info: n_threads = 7 / 8 | WHISPER : VITISAI = 0 | COREML = 0 | OPENVINO = 0 | MTL : EMBED_LIBRARY = 1 | CPU : NEON = 1 | ARM_FMA = 1 | MATMUL_INT8 = 1 | DOTPROD = 1 | ACCELERATE = 1 | OPENMP = 1 | REPACK = 1 | 

operator(): processing 'silence.wav' (16000 samples, 1.0 sec), 7 threads, 1 processors, lang = xx, task = transcribe, timestamps = 1 ...

whisper_lang_id: unknown language 'xx'

whisper_print_timings:     load time =   275.64 ms
whisper_print_timings:     fallbacks =  10 p /   4 h
whisper_print_timings:      mel time =     2.90 ms
whisper_print_timings:   sample time =  2497.60 ms /     1 runs (  2497.60 ms per run)
whisper_print_timings:   encode time =   893.99 ms /     2 runs (   447.00 ms per run)
whisper_print_timings:   decode time =  8743.49 ms /   748 runs (    11.69 ms per run)
whisper_print_timings:   batchd time = 19035.45 ms /  3252 runs (     5.85 ms per run)
whisper_print_timings:   prompt time =     0.00 ms /     1 runs (     0.00 ms per run)
whisper_print_timings:    total time = 672901.31 ms
ggml_metal_free: deallocating

whisper server listening at http://127.0.0.1:8178

Received request: silence.wav
Successfully loaded silence.wav
Running whisper.cpp inference on silence.wav
Received request: silence.wav
Successfully loaded silence.wav
Running whisper.cpp inference on silence.wav

Caught signal 15, shutting down gracefully...
load_backend: loaded BLAS backend from /opt/homebrew/Cellar/ggml/0.24.0/libexec/libggml-blas.so
ggml_metal_device_init: tensor API disabled for pre-M5 and pre-A19 devices
ggml_metal_library_init: using embedded metal library
ggml_metal_library_compile_all: compiled 'fa' library in 0.033 sec
ggml_metal_library_compile_all: compiled 'mul_mv' library in 0.041 sec
ggml_metal_library_compile_all: compiled 'mul_mm' library in 0.037 sec
ggml_metal_library_compile_all: compiled 'quantize' library in 0.045 sec
ggml_metal_library_compile_all: compiled 'softmax' library in 0.002 sec
ggml_metal_library_compile_all: compiled 'norm' library in 0.045 sec
ggml_metal_library_compile_all: compiled 'unary' library in 0.002 sec
ggml_metal_library_compile_all: compiled 'binbcast' library in 0.002 sec
ggml_metal_library_compile_all: compiled 'reduce' library in 0.037 sec
ggml_metal_library_compile_all: compiled 'tri' library in 0.037 sec
ggml_metal_library_compile_all: compiled 'ssm' library in 0.042 sec
ggml_metal_library_compile_all: compiled 'wkv' library in 0.036 sec
ggml_metal_library_compile_all: compiled 'gated_delta_net' library in 0.045 sec
ggml_metal_library_compile_all: compiled 'solve_tri' library in 0.045 sec
ggml_metal_library_compile_all: compiled 'rope' library in 0.045 sec
ggml_metal_library_compile_all: compiled 'conv' library in 0.042 sec
ggml_metal_library_compile_all: compiled 'upscale' library in 0.045 sec
ggml_metal_library_compile_all: compiled 'argsort' library in 0.044 sec
ggml_metal_library_compile_all: compiled 'pool' library in 0.041 sec
ggml_metal_library_compile_all: compiled 'misc' library in 0.041 sec
ggml_metal_library_compile_all: loaded 20 libraries from embedded data in 0.046 sec (max single = 0.045 sec)
ggml_metal_rsets_init: creating a residency set collection (keep_alive = 180 s)
ggml_metal_device_init: GPU name:   MTL0 (Apple M3)
ggml_metal_device_init: GPU family: MTLGPUFamilyApple9  (1009)
ggml_metal_device_init: GPU family: MTLGPUFamilyCommon3 (3003)
ggml_metal_device_init: GPU family: MTLGPUFamilyMetal4  (5002)
ggml_metal_device_init: simdgroup reduction   = true
ggml_metal_device_init: simdgroup matrix mul. = true
ggml_metal_device_init: has unified memory    = true
ggml_metal_device_init: has bfloat            = true
ggml_metal_device_init: has tensor            = false
ggml_metal_device_init: use residency sets    = true
ggml_metal_device_init: use shared buffers    = true
ggml_metal_device_init: recommendedMaxWorkingSetSize  = 12713.12 MB
load_backend: loaded MTL backend from /opt/homebrew/Cellar/ggml/0.24.0/libexec/libggml-metal.so
load_backend: loaded CPU backend from /opt/homebrew/Cellar/ggml/0.24.0/libexec/libggml-cpu-apple_m2_m3.so
whisper_init_from_file_with_params_no_state: loading model from '/Users/p/Desktop/programming/wai/models/ggml-small.bin'
whisper_init_with_params_no_state: use gpu    = 1
whisper_init_with_params_no_state: flash attn = 1
whisper_init_with_params_no_state: gpu_device = 0
whisper_init_with_params_no_state: dtw        = 0
whisper_init_with_params_no_state: devices    = 3
whisper_init_with_params_no_state: backends   = 3
whisper_model_load: loading model
whisper_model_load: n_vocab       = 51865
whisper_model_load: n_audio_ctx   = 1500
whisper_model_load: n_audio_state = 768
whisper_model_load: n_audio_head  = 12
whisper_model_load: n_audio_layer = 12
whisper_model_load: n_text_ctx    = 448
whisper_model_load: n_text_state  = 768
whisper_model_load: n_text_head   = 12
whisper_model_load: n_text_layer  = 12
whisper_model_load: n_mels        = 80
whisper_model_load: ftype         = 1
whisper_model_load: qntvr         = 0
whisper_model_load: type          = 3 (small)
whisper_model_load: adding 1608 extra tokens
whisper_model_load: n_langs       = 99
whisper_model_load:         MTL0 total size =   487.01 MB
whisper_model_load: model size    =  487.01 MB
whisper_backend_init_gpu: device 0: BLAS (type: 3)
whisper_backend_init_gpu: device 1: MTL0 (type: 1)
whisper_backend_init_gpu: found GPU device 1: MTL0 (type: 1, cnt: 0)
whisper_backend_init_gpu: using MTL0 backend
ggml_metal_init: allocating
ggml_metal_init: found device: Apple M3
ggml_metal_init: picking default device: Apple M3
ggml_metal_init: use fusion         = true
ggml_metal_init: use concurrency    = true
ggml_metal_init: use graph optimize = true
whisper_backend_init: using BLAS backend
whisper_init_state: kv self size  =   18.87 MB
whisper_init_state: kv cross size =   56.62 MB
whisper_init_state: kv pad  size  =    4.72 MB
whisper_init_state: compute buffer (conv)   =   23.38 MB
whisper_init_state: compute buffer (encode) =   39.56 MB
whisper_init_state: compute buffer (cross)  =   79.93 MB
whisper_init_state: compute buffer (decode) =   98.21 MB

system_info: n_threads = 7 / 8 | WHISPER : VITISAI = 0 | COREML = 0 | OPENVINO = 0 | MTL : EMBED_LIBRARY = 1 | CPU : NEON = 1 | ARM_FMA = 1 | MATMUL_INT8 = 1 | DOTPROD = 1 | ACCELERATE = 1 | OPENMP = 1 | REPACK = 1 | 

operator(): processing '20260924-160052-4b0a48.wav' (287030 samples, 17.9 sec), 7 threads, 1 processors, lang = auto, task = transcribe, timestamps = 1 ...

whisper_full_with_state: auto-detected language: fi (p = 0.977255)

system_info: n_threads = 7 / 8 | WHISPER : VITISAI = 0 | COREML = 0 | OPENVINO = 0 | MTL : EMBED_LIBRARY = 1 | CPU : NEON = 1 | ARM_FMA = 1 | MATMUL_INT8 = 1 | DOTPROD = 1 | ACCELERATE = 1 | OPENMP = 1 | REPACK = 1 | 

operator(): processing '20260924-160057-1b2e80.wav' (287030 samples, 17.9 sec), 7 threads, 1 processors, lang = fi, task = transcribe, timestamps = 1 ...


whisper_print_timings:     load time =   261.53 ms
whisper_print_timings:     fallbacks =   0 p /   0 h
whisper_print_timings:      mel time =    14.17 ms
whisper_print_timings:   sample time =   157.12 ms /     1 runs (   157.12 ms per run)
whisper_print_timings:   encode time =  1855.12 ms /     5 runs (   371.02 ms per run)
whisper_print_timings:   decode time =  2263.09 ms /   209 runs (    10.83 ms per run)
whisper_print_timings:   batchd time =    18.95 ms /     6 runs (     3.16 ms per run)
whisper_print_timings:   prompt time =     0.00 ms /     1 runs (     0.00 ms per run)
whisper_print_timings:    total time = 89474.38 ms
ggml_metal_free: deallocating

whisper server listening at http://127.0.0.1:8178

Received request: 20260924-160052-4b0a48.wav
Successfully loaded 20260924-160052-4b0a48.wav
Running whisper.cpp inference on 20260924-160052-4b0a48.wav
Received request: 20260924-160057-1b2e80.wav
Successfully loaded 20260924-160057-1b2e80.wav
Running whisper.cpp inference on 20260924-160057-1b2e80.wav

Caught signal 15, shutting down gracefully...
load_backend: loaded BLAS backend from /opt/homebrew/Cellar/ggml/0.24.0/libexec/libggml-blas.so
ggml_metal_device_init: tensor API disabled for pre-M5 and pre-A19 devices
ggml_metal_library_init: using embedded metal library
ggml_metal_library_compile_all: compiled 'fa' library in 0.020 sec
ggml_metal_library_compile_all: compiled 'mul_mv' library in 0.006 sec
ggml_metal_library_compile_all: compiled 'mul_mm' library in 0.004 sec
ggml_metal_library_compile_all: compiled 'quantize' library in 0.007 sec
ggml_metal_library_compile_all: compiled 'softmax' library in 0.002 sec
ggml_metal_library_compile_all: compiled 'norm' library in 0.002 sec
ggml_metal_library_compile_all: compiled 'unary' library in 0.002 sec
ggml_metal_library_compile_all: compiled 'binbcast' library in 0.006 sec
ggml_metal_library_compile_all: compiled 'reduce' library in 0.002 sec
ggml_metal_library_compile_all: compiled 'tri' library in 0.006 sec
ggml_metal_library_compile_all: compiled 'ssm' library in 0.007 sec
ggml_metal_library_compile_all: compiled 'wkv' library in 0.005 sec
ggml_metal_library_compile_all: compiled 'gated_delta_net' library in 0.005 sec
ggml_metal_library_compile_all: compiled 'solve_tri' library in 0.005 sec
ggml_metal_library_compile_all: compiled 'rope' library in 0.005 sec
ggml_metal_library_compile_all: compiled 'conv' library in 0.005 sec
ggml_metal_library_compile_all: compiled 'upscale' library in 0.006 sec
ggml_metal_library_compile_all: compiled 'argsort' library in 0.006 sec
ggml_metal_library_compile_all: compiled 'pool' library in 0.003 sec
ggml_metal_library_compile_all: compiled 'misc' library in 0.003 sec
ggml_metal_library_compile_all: loaded 20 libraries from embedded data in 0.020 sec (max single = 0.020 sec)
ggml_metal_rsets_init: creating a residency set collection (keep_alive = 180 s)
ggml_metal_device_init: GPU name:   MTL0 (Apple M3)
ggml_metal_device_init: GPU family: MTLGPUFamilyApple9  (1009)
ggml_metal_device_init: GPU family: MTLGPUFamilyCommon3 (3003)
ggml_metal_device_init: GPU family: MTLGPUFamilyMetal4  (5002)
ggml_metal_device_init: simdgroup reduction   = true
ggml_metal_device_init: simdgroup matrix mul. = true
ggml_metal_device_init: has unified memory    = true
ggml_metal_device_init: has bfloat            = true
ggml_metal_device_init: has tensor            = false
ggml_metal_device_init: use residency sets    = true
ggml_metal_device_init: use shared buffers    = true
ggml_metal_device_init: recommendedMaxWorkingSetSize  = 12713.12 MB
load_backend: loaded MTL backend from /opt/homebrew/Cellar/ggml/0.24.0/libexec/libggml-metal.so
load_backend: loaded CPU backend from /opt/homebrew/Cellar/ggml/0.24.0/libexec/libggml-cpu-apple_m2_m3.so
whisper_init_from_file_with_params_no_state: loading model from '/Users/p/Desktop/programming/wai/models/ggml-small.en.bin'
whisper_init_with_params_no_state: use gpu    = 1
whisper_init_with_params_no_state: flash attn = 1
whisper_init_with_params_no_state: gpu_device = 0
whisper_init_with_params_no_state: dtw        = 0
whisper_init_with_params_no_state: devices    = 3
whisper_init_with_params_no_state: backends   = 3
whisper_model_load: loading model
whisper_model_load: n_vocab       = 51865
whisper_model_load: n_audio_ctx   = 1500
whisper_model_load: n_audio_state = 768
whisper_model_load: n_audio_head  = 12
whisper_model_load: n_audio_layer = 12
whisper_model_load: n_text_ctx    = 448
whisper_model_load: n_text_state  = 768
whisper_model_load: n_text_head   = 12
whisper_model_load: n_text_layer  = 12
whisper_model_load: n_mels        = 80
whisper_model_load: ftype         = 1
whisper_model_load: qntvr         = 0
whisper_model_load: type          = 3 (small)
whisper_model_load: adding 1608 extra tokens
whisper_model_load: n_langs       = 99
whisper_model_load:         MTL0 total size =   487.01 MB
whisper_model_load: model size    =  487.01 MB
whisper_backend_init_gpu: device 0: BLAS (type: 3)
whisper_backend_init_gpu: device 1: MTL0 (type: 1)
whisper_backend_init_gpu: found GPU device 1: MTL0 (type: 1, cnt: 0)
whisper_backend_init_gpu: using MTL0 backend
ggml_metal_init: allocating
ggml_metal_init: found device: Apple M3
ggml_metal_init: picking default device: Apple M3
ggml_metal_init: use fusion         = true
ggml_metal_init: use concurrency    = true
ggml_metal_init: use graph optimize = true
whisper_backend_init: using BLAS backend
whisper_init_state: kv self size  =   18.87 MB
whisper_init_state: kv cross size =   56.62 MB
whisper_init_state: kv pad  size  =    4.72 MB
whisper_init_state: compute buffer (conv)   =   23.38 MB
whisper_init_state: compute buffer (encode) =   39.56 MB
whisper_init_state: compute buffer (cross)  =   79.93 MB
whisper_init_state: compute buffer (decode) =   98.21 MB

whisper_print_timings:     load time =   280.79 ms
whisper_print_timings:     fallbacks =   0 p /   0 h
whisper_print_timings:      mel time =     0.00 ms
whisper_print_timings:   sample time =     0.00 ms /     1 runs (     0.00 ms per run)
whisper_print_timings:   encode time =     0.00 ms /     1 runs (     0.00 ms per run)
whisper_print_timings:   decode time =     0.00 ms /     1 runs (     0.00 ms per run)
whisper_print_timings:   batchd time =     0.00 ms /     1 runs (     0.00 ms per run)
whisper_print_timings:   prompt time =     0.00 ms /     1 runs (     0.00 ms per run)
whisper_print_timings:    total time =   720.28 ms
ggml_metal_free: deallocating

whisper server listening at http://127.0.0.1:8178


Caught signal 15, shutting down gracefully...
load_backend: loaded BLAS backend from /opt/homebrew/Cellar/ggml/0.24.0/libexec/libggml-blas.so
ggml_metal_device_init: tensor API disabled for pre-M5 and pre-A19 devices
ggml_metal_library_init: using embedded metal library
ggml_metal_library_compile_all: compiled 'fa' library in 0.014 sec
ggml_metal_library_compile_all: compiled 'mul_mv' library in 0.016 sec
ggml_metal_library_compile_all: compiled 'mul_mm' library in 0.018 sec
ggml_metal_library_compile_all: compiled 'quantize' library in 0.015 sec
ggml_metal_library_compile_all: compiled 'softmax' library in 0.001 sec
ggml_metal_library_compile_all: compiled 'norm' library in 0.001 sec
ggml_metal_library_compile_all: compiled 'unary' library in 0.001 sec
ggml_metal_library_compile_all: compiled 'binbcast' library in 0.018 sec
ggml_metal_library_compile_all: compiled 'reduce' library in 0.014 sec
ggml_metal_library_compile_all: compiled 'tri' library in 0.014 sec
ggml_metal_library_compile_all: compiled 'ssm' library in 0.016 sec
ggml_metal_library_compile_all: compiled 'wkv' library in 0.014 sec
ggml_metal_library_compile_all: compiled 'gated_delta_net' library in 0.018 sec
ggml_metal_library_compile_all: compiled 'solve_tri' library in 0.018 sec
ggml_metal_library_compile_all: compiled 'rope' library in 0.018 sec
ggml_metal_library_compile_all: compiled 'conv' library in 0.018 sec
ggml_metal_library_compile_all: compiled 'upscale' library in 0.016 sec
ggml_metal_library_compile_all: compiled 'argsort' library in 0.017 sec
ggml_metal_library_compile_all: compiled 'pool' library in 0.016 sec
ggml_metal_library_compile_all: compiled 'misc' library in 0.016 sec
ggml_metal_library_compile_all: loaded 20 libraries from embedded data in 0.018 sec (max single = 0.018 sec)
ggml_metal_rsets_init: creating a residency set collection (keep_alive = 180 s)
ggml_metal_device_init: GPU name:   MTL0 (Apple M3)
ggml_metal_device_init: GPU family: MTLGPUFamilyApple9  (1009)
ggml_metal_device_init: GPU family: MTLGPUFamilyCommon3 (3003)
ggml_metal_device_init: GPU family: MTLGPUFamilyMetal4  (5002)
ggml_metal_device_init: simdgroup reduction   = true
ggml_metal_device_init: simdgroup matrix mul. = true
ggml_metal_device_init: has unified memory    = true
ggml_metal_device_init: has bfloat            = true
ggml_metal_device_init: has tensor            = false
ggml_metal_device_init: use residency sets    = true
ggml_metal_device_init: use shared buffers    = true
ggml_metal_device_init: recommendedMaxWorkingSetSize  = 12713.12 MB
load_backend: loaded MTL backend from /opt/homebrew/Cellar/ggml/0.24.0/libexec/libggml-metal.so
load_backend: loaded CPU backend from /opt/homebrew/Cellar/ggml/0.24.0/libexec/libggml-cpu-apple_m2_m3.so
whisper_init_from_file_with_params_no_state: loading model from '/Users/p/Desktop/programming/wai/models/ggml-small.bin'
whisper_init_with_params_no_state: use gpu    = 1
whisper_init_with_params_no_state: flash attn = 1
whisper_init_with_params_no_state: gpu_device = 0
whisper_init_with_params_no_state: dtw        = 0
whisper_init_with_params_no_state: devices    = 3
whisper_init_with_params_no_state: backends   = 3
whisper_model_load: loading model
whisper_model_load: n_vocab       = 51865
whisper_model_load: n_audio_ctx   = 1500
whisper_model_load: n_audio_state = 768
whisper_model_load: n_audio_head  = 12
whisper_model_load: n_audio_layer = 12
whisper_model_load: n_text_ctx    = 448
whisper_model_load: n_text_state  = 768
whisper_model_load: n_text_head   = 12
whisper_model_load: n_text_layer  = 12
whisper_model_load: n_mels        = 80
whisper_model_load: ftype         = 1
whisper_model_load: qntvr         = 0
whisper_model_load: type          = 3 (small)
whisper_model_load: adding 1608 extra tokens
whisper_model_load: n_langs       = 99
whisper_model_load:         MTL0 total size =   487.01 MB
whisper_model_load: model size    =  487.01 MB
whisper_backend_init_gpu: device 0: BLAS (type: 3)
whisper_backend_init_gpu: device 1: MTL0 (type: 1)
whisper_backend_init_gpu: found GPU device 1: MTL0 (type: 1, cnt: 0)
whisper_backend_init_gpu: using MTL0 backend
ggml_metal_init: allocating
ggml_metal_init: found device: Apple M3
ggml_metal_init: picking default device: Apple M3
ggml_metal_init: use fusion         = true
ggml_metal_init: use concurrency    = true
ggml_metal_init: use graph optimize = true
whisper_backend_init: using BLAS backend
whisper_init_state: kv self size  =   18.87 MB
whisper_init_state: kv cross size =   56.62 MB
whisper_init_state: kv pad  size  =    4.72 MB
whisper_init_state: compute buffer (conv)   =   23.38 MB
whisper_init_state: compute buffer (encode) =   39.56 MB
whisper_init_state: compute buffer (cross)  =   79.93 MB
whisper_init_state: compute buffer (decode) =   98.21 MB

whisper_print_timings:     load time =   278.64 ms
whisper_print_timings:     fallbacks =   0 p /   0 h
whisper_print_timings:      mel time =     0.00 ms
whisper_print_timings:   sample time =     0.00 ms /     1 runs (     0.00 ms per run)
whisper_print_timings:   encode time =     0.00 ms /     1 runs (     0.00 ms per run)
whisper_print_timings:   decode time =     0.00 ms /     1 runs (     0.00 ms per run)
whisper_print_timings:   batchd time =     0.00 ms /     1 runs (     0.00 ms per run)
whisper_print_timings:   prompt time =     0.00 ms /     1 runs (     0.00 ms per run)
whisper_print_timings:    total time = 23948.98 ms
ggml_metal_free: deallocating

whisper server listening at http://127.0.0.1:8178


Caught signal 15, shutting down gracefully...
load_backend: loaded BLAS backend from /opt/homebrew/Cellar/ggml/0.24.0/libexec/libggml-blas.so
ggml_metal_device_init: tensor API disabled for pre-M5 and pre-A19 devices
ggml_metal_library_init: using embedded metal library
ggml_metal_library_compile_all: compiled 'fa' library in 0.018 sec
ggml_metal_library_compile_all: compiled 'mul_mv' library in 0.005 sec
ggml_metal_library_compile_all: compiled 'mul_mm' library in 0.003 sec
ggml_metal_library_compile_all: compiled 'quantize' library in 0.005 sec
ggml_metal_library_compile_all: compiled 'softmax' library in 0.001 sec
ggml_metal_library_compile_all: compiled 'norm' library in 0.005 sec
ggml_metal_library_compile_all: compiled 'unary' library in 0.001 sec
ggml_metal_library_compile_all: compiled 'binbcast' library in 0.001 sec
ggml_metal_library_compile_all: compiled 'reduce' library in 0.001 sec
ggml_metal_library_compile_all: compiled 'tri' library in 0.005 sec
ggml_metal_library_compile_all: compiled 'ssm' library in 0.004 sec
ggml_metal_library_compile_all: compiled 'wkv' library in 0.004 sec
ggml_metal_library_compile_all: compiled 'gated_delta_net' library in 0.005 sec
ggml_metal_library_compile_all: compiled 'solve_tri' library in 0.018 sec
ggml_metal_library_compile_all: compiled 'rope' library in 0.005 sec
ggml_metal_library_compile_all: compiled 'conv' library in 0.002 sec
ggml_metal_library_compile_all: compiled 'upscale' library in 0.005 sec
ggml_metal_library_compile_all: compiled 'argsort' library in 0.002 sec
ggml_metal_library_compile_all: compiled 'pool' library in 0.004 sec
ggml_metal_library_compile_all: compiled 'misc' library in 0.002 sec
ggml_metal_library_compile_all: loaded 20 libraries from embedded data in 0.018 sec (max single = 0.018 sec)
ggml_metal_rsets_init: creating a residency set collection (keep_alive = 180 s)
ggml_metal_device_init: GPU name:   MTL0 (Apple M3)
ggml_metal_device_init: GPU family: MTLGPUFamilyApple9  (1009)
ggml_metal_device_init: GPU family: MTLGPUFamilyCommon3 (3003)
ggml_metal_device_init: GPU family: MTLGPUFamilyMetal4  (5002)
ggml_metal_device_init: simdgroup reduction   = true
ggml_metal_device_init: simdgroup matrix mul. = true
ggml_metal_device_init: has unified memory    = true
ggml_metal_device_init: has bfloat            = true
ggml_metal_device_init: has tensor            = false
ggml_metal_device_init: use residency sets    = true
ggml_metal_device_init: use shared buffers    = true
ggml_metal_device_init: recommendedMaxWorkingSetSize  = 12713.12 MB
load_backend: loaded MTL backend from /opt/homebrew/Cellar/ggml/0.24.0/libexec/libggml-metal.so
load_backend: loaded CPU backend from /opt/homebrew/Cellar/ggml/0.24.0/libexec/libggml-cpu-apple_m2_m3.so
whisper_init_from_file_with_params_no_state: loading model from '/Users/p/Desktop/programming/wai/models/ggml-small.bin'
whisper_init_with_params_no_state: use gpu    = 1
whisper_init_with_params_no_state: flash attn = 1
whisper_init_with_params_no_state: gpu_device = 0
whisper_init_with_params_no_state: dtw        = 0
whisper_init_with_params_no_state: devices    = 3
whisper_init_with_params_no_state: backends   = 3
whisper_model_load: loading model
whisper_model_load: n_vocab       = 51865
whisper_model_load: n_audio_ctx   = 1500
whisper_model_load: n_audio_state = 768
whisper_model_load: n_audio_head  = 12
whisper_model_load: n_audio_layer = 12
whisper_model_load: n_text_ctx    = 448
whisper_model_load: n_text_state  = 768
whisper_model_load: n_text_head   = 12
whisper_model_load: n_text_layer  = 12
whisper_model_load: n_mels        = 80
whisper_model_load: ftype         = 1
whisper_model_load: qntvr         = 0
whisper_model_load: type          = 3 (small)
whisper_model_load: adding 1608 extra tokens
whisper_model_load: n_langs       = 99
whisper_model_load:         MTL0 total size =   487.01 MB
whisper_model_load: model size    =  487.01 MB
whisper_backend_init_gpu: device 0: BLAS (type: 3)
whisper_backend_init_gpu: device 1: MTL0 (type: 1)
whisper_backend_init_gpu: found GPU device 1: MTL0 (type: 1, cnt: 0)
whisper_backend_init_gpu: using MTL0 backend
ggml_metal_init: allocating
ggml_metal_init: found device: Apple M3
ggml_metal_init: picking default device: Apple M3
ggml_metal_init: use fusion         = true
ggml_metal_init: use concurrency    = true
ggml_metal_init: use graph optimize = true
whisper_backend_init: using BLAS backend
whisper_init_state: kv self size  =   18.87 MB
whisper_init_state: kv cross size =   56.62 MB
whisper_init_state: kv pad  size  =    4.72 MB
whisper_init_state: compute buffer (conv)   =   23.38 MB
whisper_init_state: compute buffer (encode) =   39.56 MB
whisper_init_state: compute buffer (cross)  =   79.93 MB
whisper_init_state: compute buffer (decode) =   98.21 MB
load_backend: loaded BLAS backend from /opt/homebrew/Cellar/ggml/0.24.0/libexec/libggml-blas.so
ggml_metal_device_init: tensor API disabled for pre-M5 and pre-A19 devices
ggml_metal_library_init: using embedded metal library
ggml_metal_library_compile_all: compiled 'fa' library in 0.038 sec
ggml_metal_library_compile_all: compiled 'mul_mv' library in 0.043 sec
ggml_metal_library_compile_all: compiled 'mul_mm' library in 0.049 sec
ggml_metal_library_compile_all: compiled 'quantize' library in 0.045 sec
ggml_metal_library_compile_all: compiled 'softmax' library in 0.003 sec
ggml_metal_library_compile_all: compiled 'norm' library in 0.005 sec
ggml_metal_library_compile_all: compiled 'unary' library in 0.003 sec
ggml_metal_library_compile_all: compiled 'binbcast' library in 0.050 sec
ggml_metal_library_compile_all: compiled 'reduce' library in 0.049 sec
ggml_metal_library_compile_all: compiled 'tri' library in 0.003 sec
ggml_metal_library_compile_all: compiled 'ssm' library in 0.049 sec
ggml_metal_library_compile_all: compiled 'wkv' library in 0.003 sec
ggml_metal_library_compile_all: compiled 'gated_delta_net' library in 0.050 sec
ggml_metal_library_compile_all: compiled 'solve_tri' library in 0.049 sec
ggml_metal_library_compile_all: compiled 'rope' library in 0.004 sec
ggml_metal_library_compile_all: compiled 'conv' library in 0.038 sec
ggml_metal_library_compile_all: compiled 'upscale' library in 0.004 sec
ggml_metal_library_compile_all: compiled 'argsort' library in 0.050 sec
ggml_metal_library_compile_all: compiled 'pool' library in 0.050 sec
ggml_metal_library_compile_all: compiled 'misc' library in 0.038 sec
ggml_metal_library_compile_all: loaded 20 libraries from embedded data in 0.050 sec (max single = 0.050 sec)
ggml_metal_rsets_init: creating a residency set collection (keep_alive = 180 s)
ggml_metal_device_init: GPU name:   MTL0 (Apple M3)
ggml_metal_device_init: GPU family: MTLGPUFamilyApple9  (1009)
ggml_metal_device_init: GPU family: MTLGPUFamilyCommon3 (3003)
ggml_metal_device_init: GPU family: MTLGPUFamilyMetal4  (5002)
ggml_metal_device_init: simdgroup reduction   = true
ggml_metal_device_init: simdgroup matrix mul. = true
ggml_metal_device_init: has unified memory    = true
ggml_metal_device_init: has bfloat            = true
ggml_metal_device_init: has tensor            = false
ggml_metal_device_init: use residency sets    = true
ggml_metal_device_init: use shared buffers    = true
ggml_metal_device_init: recommendedMaxWorkingSetSize  = 12713.12 MB
load_backend: loaded MTL backend from /opt/homebrew/Cellar/ggml/0.24.0/libexec/libggml-metal.so
load_backend: loaded CPU backend from /opt/homebrew/Cellar/ggml/0.24.0/libexec/libggml-cpu-apple_m2_m3.so
whisper_init_from_file_with_params_no_state: loading model from '/Users/p/Desktop/programming/wai/models/ggml-small.bin'
whisper_init_with_params_no_state: use gpu    = 1
whisper_init_with_params_no_state: flash attn = 1
whisper_init_with_params_no_state: gpu_device = 0
whisper_init_with_params_no_state: dtw        = 0
whisper_init_with_params_no_state: devices    = 3
whisper_init_with_params_no_state: backends   = 3
whisper_model_load: loading model
whisper_model_load: n_vocab       = 51865
whisper_model_load: n_audio_ctx   = 1500
whisper_model_load: n_audio_state = 768
whisper_model_load: n_audio_head  = 12
whisper_model_load: n_audio_layer = 12
whisper_model_load: n_text_ctx    = 448
whisper_model_load: n_text_state  = 768
whisper_model_load: n_text_head   = 12
whisper_model_load: n_text_layer  = 12
whisper_model_load: n_mels        = 80
whisper_model_load: ftype         = 1
whisper_model_load: qntvr         = 0
whisper_model_load: type          = 3 (small)
whisper_model_load: adding 1608 extra tokens
whisper_model_load: n_langs       = 99
whisper_model_load:         MTL0 total size =   487.01 MB
whisper_model_load: model size    =  487.01 MB
whisper_backend_init_gpu: device 0: BLAS (type: 3)
whisper_backend_init_gpu: device 1: MTL0 (type: 1)
whisper_backend_init_gpu: found GPU device 1: MTL0 (type: 1, cnt: 0)
whisper_backend_init_gpu: using MTL0 backend
ggml_metal_init: allocating
ggml_metal_init: found device: Apple M3
ggml_metal_init: picking default device: Apple M3
ggml_metal_init: use fusion         = true
ggml_metal_init: use concurrency    = true
ggml_metal_init: use graph optimize = true
whisper_backend_init: using BLAS backend
whisper_init_state: kv self size  =   18.87 MB
whisper_init_state: kv cross size =   56.62 MB
whisper_init_state: kv pad  size  =    4.72 MB
whisper_init_state: compute buffer (conv)   =   23.38 MB
whisper_init_state: compute buffer (encode) =   39.56 MB
whisper_init_state: compute buffer (cross)  =   79.93 MB
whisper_init_state: compute buffer (decode) =   98.21 MB

whisper_print_timings:     load time =   357.83 ms
whisper_print_timings:     fallbacks =   0 p /   0 h
whisper_print_timings:      mel time =     0.00 ms
whisper_print_timings:   sample time =     0.00 ms /     1 runs (     0.00 ms per run)
whisper_print_timings:   encode time =     0.00 ms /     1 runs (     0.00 ms per run)
whisper_print_timings:   decode time =     0.00 ms /     1 runs (     0.00 ms per run)
whisper_print_timings:   batchd time =     0.00 ms /     1 runs (     0.00 ms per run)
whisper_print_timings:   prompt time =     0.00 ms /     1 runs (     0.00 ms per run)
whisper_print_timings:    total time = 65534.01 ms
ggml_metal_free: deallocating

whisper server listening at http://127.0.0.1:8178


Caught signal 15, shutting down gracefully...
load_backend: loaded BLAS backend from /opt/homebrew/Cellar/ggml/0.24.0/libexec/libggml-blas.so
ggml_metal_device_init: tensor API disabled for pre-M5 and pre-A19 devices
ggml_metal_library_init: using embedded metal library
ggml_metal_library_compile_all: compiled 'fa' library in 0.018 sec
ggml_metal_library_compile_all: compiled 'mul_mv' library in 0.005 sec
ggml_metal_library_compile_all: compiled 'mul_mm' library in 0.004 sec
ggml_metal_library_compile_all: compiled 'quantize' library in 0.002 sec
ggml_metal_library_compile_all: compiled 'softmax' library in 0.001 sec
ggml_metal_library_compile_all: compiled 'norm' library in 0.004 sec
ggml_metal_library_compile_all: compiled 'unary' library in 0.001 sec
ggml_metal_library_compile_all: compiled 'binbcast' library in 0.001 sec
ggml_metal_library_compile_all: compiled 'reduce' library in 0.001 sec
ggml_metal_library_compile_all: compiled 'tri' library in 0.018 sec
ggml_metal_library_compile_all: compiled 'ssm' library in 0.002 sec
ggml_metal_library_compile_all: compiled 'wkv' library in 0.001 sec
ggml_metal_library_compile_all: compiled 'gated_delta_net' library in 0.017 sec
ggml_metal_library_compile_all: compiled 'solve_tri' library in 0.017 sec
ggml_metal_library_compile_all: compiled 'rope' library in 0.005 sec
ggml_metal_library_compile_all: compiled 'conv' library in 0.005 sec
ggml_metal_library_compile_all: compiled 'upscale' library in 0.001 sec
ggml_metal_library_compile_all: compiled 'argsort' library in 0.001 sec
ggml_metal_library_compile_all: compiled 'pool' library in 0.001 sec
ggml_metal_library_compile_all: compiled 'misc' library in 0.001 sec
ggml_metal_library_compile_all: loaded 20 libraries from embedded data in 0.018 sec (max single = 0.018 sec)
ggml_metal_rsets_init: creating a residency set collection (keep_alive = 180 s)
ggml_metal_device_init: GPU name:   MTL0 (Apple M3)
ggml_metal_device_init: GPU family: MTLGPUFamilyApple9  (1009)
ggml_metal_device_init: GPU family: MTLGPUFamilyCommon3 (3003)
ggml_metal_device_init: GPU family: MTLGPUFamilyMetal4  (5002)
ggml_metal_device_init: simdgroup reduction   = true
ggml_metal_device_init: simdgroup matrix mul. = true
ggml_metal_device_init: has unified memory    = true
ggml_metal_device_init: has bfloat            = true
ggml_metal_device_init: has tensor            = false
ggml_metal_device_init: use residency sets    = true
ggml_metal_device_init: use shared buffers    = true
ggml_metal_device_init: recommendedMaxWorkingSetSize  = 12713.12 MB
load_backend: loaded MTL backend from /opt/homebrew/Cellar/ggml/0.24.0/libexec/libggml-metal.so
load_backend: loaded CPU backend from /opt/homebrew/Cellar/ggml/0.24.0/libexec/libggml-cpu-apple_m2_m3.so
whisper_init_from_file_with_params_no_state: loading model from '/Users/p/Desktop/programming/wai/models/ggml-small.bin'
whisper_init_with_params_no_state: use gpu    = 1
whisper_init_with_params_no_state: flash attn = 1
whisper_init_with_params_no_state: gpu_device = 0
whisper_init_with_params_no_state: dtw        = 0
whisper_init_with_params_no_state: devices    = 3
whisper_init_with_params_no_state: backends   = 3
whisper_model_load: loading model
whisper_model_load: n_vocab       = 51865
whisper_model_load: n_audio_ctx   = 1500
whisper_model_load: n_audio_state = 768
whisper_model_load: n_audio_head  = 12
whisper_model_load: n_audio_layer = 12
whisper_model_load: n_text_ctx    = 448
whisper_model_load: n_text_state  = 768
whisper_model_load: n_text_head   = 12
whisper_model_load: n_text_layer  = 12
whisper_model_load: n_mels        = 80
whisper_model_load: ftype         = 1
whisper_model_load: qntvr         = 0
whisper_model_load: type          = 3 (small)
whisper_model_load: adding 1608 extra tokens
whisper_model_load: n_langs       = 99
whisper_model_load:         MTL0 total size =   487.01 MB
whisper_model_load: model size    =  487.01 MB
whisper_backend_init_gpu: device 0: BLAS (type: 3)
whisper_backend_init_gpu: device 1: MTL0 (type: 1)
whisper_backend_init_gpu: found GPU device 1: MTL0 (type: 1, cnt: 0)
whisper_backend_init_gpu: using MTL0 backend
ggml_metal_init: allocating
ggml_metal_init: found device: Apple M3
ggml_metal_init: picking default device: Apple M3
ggml_metal_init: use fusion         = true
ggml_metal_init: use concurrency    = true
ggml_metal_init: use graph optimize = true
whisper_backend_init: using BLAS backend
whisper_init_state: kv self size  =   18.87 MB
whisper_init_state: kv cross size =   56.62 MB
whisper_init_state: kv pad  size  =    4.72 MB
whisper_init_state: compute buffer (conv)   =   23.38 MB
whisper_init_state: compute buffer (encode) =   39.56 MB
whisper_init_state: compute buffer (cross)  =   79.93 MB
whisper_init_state: compute buffer (decode) =   98.21 MB
load_backend: loaded BLAS backend from /opt/homebrew/Cellar/ggml/0.24.0/libexec/libggml-blas.so

whisper_print_timings:     load time =   298.94 ms
whisper_print_timings:     fallbacks =   0 p /   0 h
whisper_print_timings:      mel time =     0.00 ms
whisper_print_timings:   sample time =     0.00 ms /     1 runs (     0.00 ms per run)
whisper_print_timings:   encode time =     0.00 ms /     1 runs (     0.00 ms per run)
whisper_print_timings:   decode time =     0.00 ms /     1 runs (     0.00 ms per run)
whisper_print_timings:   batchd time =     0.00 ms /     1 runs (     0.00 ms per run)
whisper_print_timings:   prompt time =     0.00 ms /     1 runs (     0.00 ms per run)
whisper_print_timings:    total time = 1077038.25 ms
ggml_metal_free: deallocating

whisper server listening at http://127.0.0.1:8178


Caught signal 15, shutting down gracefully...
load_backend: loaded BLAS backend from /opt/homebrew/Cellar/ggml/0.24.0/libexec/libggml-blas.so
ggml_metal_device_init: tensor API disabled for pre-M5 and pre-A19 devices
ggml_metal_library_init: using embedded metal library
ggml_metal_library_compile_all: compiled 'fa' library in 0.038 sec
ggml_metal_library_compile_all: compiled 'mul_mv' library in 0.042 sec
ggml_metal_library_compile_all: compiled 'mul_mm' library in 0.046 sec
ggml_metal_library_compile_all: compiled 'quantize' library in 0.047 sec
ggml_metal_library_compile_all: compiled 'softmax' library in 0.003 sec
ggml_metal_library_compile_all: compiled 'norm' library in 0.003 sec
ggml_metal_library_compile_all: compiled 'unary' library in 0.004 sec
ggml_metal_library_compile_all: compiled 'binbcast' library in 0.003 sec
ggml_metal_library_compile_all: compiled 'reduce' library in 0.048 sec
ggml_metal_library_compile_all: compiled 'tri' library in 0.048 sec
ggml_metal_library_compile_all: compiled 'ssm' library in 0.047 sec
ggml_metal_library_compile_all: compiled 'wkv' library in 0.047 sec
ggml_metal_library_compile_all: compiled 'gated_delta_net' library in 0.004 sec
ggml_metal_library_compile_all: compiled 'solve_tri' library in 0.047 sec
ggml_metal_library_compile_all: compiled 'rope' library in 0.048 sec
ggml_metal_library_compile_all: compiled 'conv' library in 0.004 sec
ggml_metal_library_compile_all: compiled 'upscale' library in 0.047 sec
ggml_metal_library_compile_all: compiled 'argsort' library in 0.038 sec
ggml_metal_library_compile_all: compiled 'pool' library in 0.004 sec
ggml_metal_library_compile_all: compiled 'misc' library in 0.038 sec
ggml_metal_library_compile_all: loaded 20 libraries from embedded data in 0.048 sec (max single = 0.048 sec)
ggml_metal_rsets_init: creating a residency set collection (keep_alive = 180 s)
ggml_metal_device_init: GPU name:   MTL0 (Apple M3)
ggml_metal_device_init: GPU family: MTLGPUFamilyApple9  (1009)
ggml_metal_device_init: GPU family: MTLGPUFamilyCommon3 (3003)
ggml_metal_device_init: GPU family: MTLGPUFamilyMetal4  (5002)
ggml_metal_device_init: simdgroup reduction   = true
ggml_metal_device_init: simdgroup matrix mul. = true
ggml_metal_device_init: has unified memory    = true
ggml_metal_device_init: has bfloat            = true
ggml_metal_device_init: has tensor            = false
ggml_metal_device_init: use residency sets    = true
ggml_metal_device_init: use shared buffers    = true
ggml_metal_device_init: recommendedMaxWorkingSetSize  = 12713.12 MB
load_backend: loaded MTL backend from /opt/homebrew/Cellar/ggml/0.24.0/libexec/libggml-metal.so
load_backend: loaded CPU backend from /opt/homebrew/Cellar/ggml/0.24.0/libexec/libggml-cpu-apple_m2_m3.so
whisper_init_from_file_with_params_no_state: loading model from '/Users/p/Desktop/programming/wai/models/ggml-small.bin'
whisper_init_with_params_no_state: use gpu    = 1
whisper_init_with_params_no_state: flash attn = 1
whisper_init_with_params_no_state: gpu_device = 0
whisper_init_with_params_no_state: dtw        = 0
whisper_init_with_params_no_state: devices    = 3
whisper_init_with_params_no_state: backends   = 3
whisper_model_load: loading model
whisper_model_load: n_vocab       = 51865
whisper_model_load: n_audio_ctx   = 1500
whisper_model_load: n_audio_state = 768
whisper_model_load: n_audio_head  = 12
whisper_model_load: n_audio_layer = 12
whisper_model_load: n_text_ctx    = 448
whisper_model_load: n_text_state  = 768
whisper_model_load: n_text_head   = 12
whisper_model_load: n_text_layer  = 12
whisper_model_load: n_mels        = 80
whisper_model_load: ftype         = 1
whisper_model_load: qntvr         = 0
whisper_model_load: type          = 3 (small)
whisper_model_load: adding 1608 extra tokens
whisper_model_load: n_langs       = 99
whisper_model_load:         MTL0 total size =   487.01 MB
whisper_model_load: model size    =  487.01 MB
whisper_backend_init_gpu: device 0: BLAS (type: 3)
whisper_backend_init_gpu: device 1: MTL0 (type: 1)
whisper_backend_init_gpu: found GPU device 1: MTL0 (type: 1, cnt: 0)
whisper_backend_init_gpu: using MTL0 backend
ggml_metal_init: allocating
ggml_metal_init: found device: Apple M3
ggml_metal_init: picking default device: Apple M3
ggml_metal_init: use fusion         = true
ggml_metal_init: use concurrency    = true
ggml_metal_init: use graph optimize = true
whisper_backend_init: using BLAS backend
whisper_init_state: kv self size  =   18.87 MB
whisper_init_state: kv cross size =   56.62 MB
whisper_init_state: kv pad  size  =    4.72 MB
whisper_init_state: compute buffer (conv)   =   23.38 MB
whisper_init_state: compute buffer (encode) =   39.56 MB
whisper_init_state: compute buffer (cross)  =   79.93 MB
whisper_init_state: compute buffer (decode) =   98.21 MB

whisper_print_timings:     load time =   262.91 ms
whisper_print_timings:     fallbacks =   0 p /   0 h
whisper_print_timings:      mel time =     0.00 ms
whisper_print_timings:   sample time =     0.00 ms /     1 runs (     0.00 ms per run)
whisper_print_timings:   encode time =     0.00 ms /     1 runs (     0.00 ms per run)
whisper_print_timings:   decode time =     0.00 ms /     1 runs (     0.00 ms per run)
whisper_print_timings:   batchd time =     0.00 ms /     1 runs (     0.00 ms per run)
whisper_print_timings:   prompt time =     0.00 ms /     1 runs (     0.00 ms per run)
whisper_print_timings:    total time = 2852257.50 ms
ggml_metal_free: deallocating

whisper server listening at http://127.0.0.1:8178


Caught signal 15, shutting down gracefully...
load_backend: loaded BLAS backend from /opt/homebrew/Cellar/ggml/0.24.0/libexec/libggml-blas.so
ggml_metal_device_init: tensor API disabled for pre-M5 and pre-A19 devices
ggml_metal_library_init: using embedded metal library
ggml_metal_library_compile_all: compiled 'fa' library in 0.015 sec
ggml_metal_library_compile_all: compiled 'mul_mv' library in 0.016 sec
ggml_metal_library_compile_all: compiled 'mul_mm' library in 0.017 sec
ggml_metal_library_compile_all: compiled 'quantize' library in 0.018 sec
ggml_metal_library_compile_all: compiled 'softmax' library in 0.001 sec
ggml_metal_library_compile_all: compiled 'norm' library in 0.001 sec
ggml_metal_library_compile_all: compiled 'unary' library in 0.001 sec
ggml_metal_library_compile_all: compiled 'binbcast' library in 0.001 sec
ggml_metal_library_compile_all: compiled 'reduce' library in 0.001 sec
ggml_metal_library_compile_all: compiled 'tri' library in 0.001 sec
ggml_metal_library_compile_all: compiled 'ssm' library in 0.001 sec
ggml_metal_library_compile_all: compiled 'wkv' library in 0.001 sec
ggml_metal_library_compile_all: compiled 'gated_delta_net' library in 0.001 sec
ggml_metal_library_compile_all: compiled 'solve_tri' library in 0.001 sec
ggml_metal_library_compile_all: compiled 'rope' library in 0.001 sec
ggml_metal_library_compile_all: compiled 'conv' library in 0.014 sec
ggml_metal_library_compile_all: compiled 'upscale' library in 0.001 sec
ggml_metal_library_compile_all: compiled 'argsort' library in 0.015 sec
ggml_metal_library_compile_all: compiled 'pool' library in 0.014 sec
ggml_metal_library_compile_all: compiled 'misc' library in 0.001 sec
ggml_metal_library_compile_all: loaded 20 libraries from embedded data in 0.018 sec (max single = 0.018 sec)
ggml_metal_rsets_init: creating a residency set collection (keep_alive = 180 s)
ggml_metal_device_init: GPU name:   MTL0 (Apple M3)
ggml_metal_device_init: GPU family: MTLGPUFamilyApple9  (1009)
ggml_metal_device_init: GPU family: MTLGPUFamilyCommon3 (3003)
ggml_metal_device_init: GPU family: MTLGPUFamilyMetal4  (5002)
ggml_metal_device_init: simdgroup reduction   = true
ggml_metal_device_init: simdgroup matrix mul. = true
ggml_metal_device_init: has unified memory    = true
ggml_metal_device_init: has bfloat            = true
ggml_metal_device_init: has tensor            = false
ggml_metal_device_init: use residency sets    = true
ggml_metal_device_init: use shared buffers    = true
ggml_metal_device_init: recommendedMaxWorkingSetSize  = 12713.12 MB
load_backend: loaded MTL backend from /opt/homebrew/Cellar/ggml/0.24.0/libexec/libggml-metal.so
load_backend: loaded CPU backend from /opt/homebrew/Cellar/ggml/0.24.0/libexec/libggml-cpu-apple_m2_m3.so
whisper_init_from_file_with_params_no_state: loading model from '/Users/p/Desktop/programming/wai/models/ggml-small.bin'
whisper_init_with_params_no_state: use gpu    = 1
whisper_init_with_params_no_state: flash attn = 1
whisper_init_with_params_no_state: gpu_device = 0
whisper_init_with_params_no_state: dtw        = 0
whisper_init_with_params_no_state: devices    = 3
whisper_init_with_params_no_state: backends   = 3
whisper_model_load: loading model
whisper_model_load: n_vocab       = 51865
whisper_model_load: n_audio_ctx   = 1500
whisper_model_load: n_audio_state = 768
whisper_model_load: n_audio_head  = 12
whisper_model_load: n_audio_layer = 12
whisper_model_load: n_text_ctx    = 448
whisper_model_load: n_text_state  = 768
whisper_model_load: n_text_head   = 12
whisper_model_load: n_text_layer  = 12
whisper_model_load: n_mels        = 80
whisper_model_load: ftype         = 1
whisper_model_load: qntvr         = 0
whisper_model_load: type          = 3 (small)
whisper_model_load: adding 1608 extra tokens
whisper_model_load: n_langs       = 99
whisper_model_load:         MTL0 total size =   487.01 MB
whisper_model_load: model size    =  487.01 MB
whisper_backend_init_gpu: device 0: BLAS (type: 3)
whisper_backend_init_gpu: device 1: MTL0 (type: 1)
whisper_backend_init_gpu: found GPU device 1: MTL0 (type: 1, cnt: 0)
whisper_backend_init_gpu: using MTL0 backend
ggml_metal_init: allocating
ggml_metal_init: found device: Apple M3
ggml_metal_init: picking default device: Apple M3
ggml_metal_init: use fusion         = true
ggml_metal_init: use concurrency    = true
ggml_metal_init: use graph optimize = true
whisper_backend_init: using BLAS backend
whisper_init_state: kv self size  =   18.87 MB
whisper_init_state: kv cross size =   56.62 MB
whisper_init_state: kv pad  size  =    4.72 MB
whisper_init_state: compute buffer (conv)   =   23.38 MB
whisper_init_state: compute buffer (encode) =   39.56 MB
whisper_init_state: compute buffer (cross)  =   79.93 MB
whisper_init_state: compute buffer (decode) =   98.21 MB
load_backend: loaded BLAS backend from /opt/homebrew/Cellar/ggml/0.24.0/libexec/libggml-blas.so
ggml_metal_device_init: tensor API disabled for pre-M5 and pre-A19 devices
ggml_metal_library_init: using embedded metal library
ggml_metal_library_compile_all: compiled 'fa' library in 0.015 sec
ggml_metal_library_compile_all: compiled 'mul_mv' library in 0.016 sec
ggml_metal_library_compile_all: compiled 'mul_mm' library in 0.017 sec
ggml_metal_library_compile_all: compiled 'quantize' library in 0.018 sec
ggml_metal_library_compile_all: compiled 'softmax' library in 0.001 sec
ggml_metal_library_compile_all: compiled 'norm' library in 0.001 sec
ggml_metal_library_compile_all: compiled 'unary' library in 0.001 sec
ggml_metal_library_compile_all: compiled 'binbcast' library in 0.001 sec
ggml_metal_library_compile_all: compiled 'reduce' library in 0.002 sec
ggml_metal_library_compile_all: compiled 'tri' library in 0.001 sec
ggml_metal_library_compile_all: compiled 'ssm' library in 0.001 sec
ggml_metal_library_compile_all: compiled 'wkv' library in 0.001 sec
ggml_metal_library_compile_all: compiled 'gated_delta_net' library in 0.001 sec
ggml_metal_library_compile_all: compiled 'solve_tri' library in 0.001 sec
ggml_metal_library_compile_all: compiled 'rope' library in 0.001 sec
ggml_metal_library_compile_all: compiled 'conv' library in 0.001 sec
ggml_metal_library_compile_all: compiled 'upscale' library in 0.014 sec
ggml_metal_library_compile_all: compiled 'argsort' library in 0.015 sec
ggml_metal_library_compile_all: compiled 'pool' library in 0.013 sec
ggml_metal_library_compile_all: compiled 'misc' library in 0.001 sec
ggml_metal_library_compile_all: loaded 20 libraries from embedded data in 0.018 sec (max single = 0.018 sec)
ggml_metal_rsets_init: creating a residency set collection (keep_alive = 180 s)
ggml_metal_device_init: GPU name:   MTL0 (Apple M3)
ggml_metal_device_init: GPU family: MTLGPUFamilyApple9  (1009)
ggml_metal_device_init: GPU family: MTLGPUFamilyCommon3 (3003)
ggml_metal_device_init: GPU family: MTLGPUFamilyMetal4  (5002)
ggml_metal_device_init: simdgroup reduction   = true
ggml_metal_device_init: simdgroup matrix mul. = true
ggml_metal_device_init: has unified memory    = true
ggml_metal_device_init: has bfloat            = true
ggml_metal_device_init: has tensor            = false
ggml_metal_device_init: use residency sets    = true
ggml_metal_device_init: use shared buffers    = true
ggml_metal_device_init: recommendedMaxWorkingSetSize  = 12713.12 MB
load_backend: loaded MTL backend from /opt/homebrew/Cellar/ggml/0.24.0/libexec/libggml-metal.so
load_backend: loaded CPU backend from /opt/homebrew/Cellar/ggml/0.24.0/libexec/libggml-cpu-apple_m2_m3.so
whisper_init_from_file_with_params_no_state: loading model from '/Users/p/Desktop/programming/wai/models/ggml-small.bin'
whisper_init_with_params_no_state: use gpu    = 1
whisper_init_with_params_no_state: flash attn = 1
whisper_init_with_params_no_state: gpu_device = 0
whisper_init_with_params_no_state: dtw        = 0
whisper_init_with_params_no_state: devices    = 3
whisper_init_with_params_no_state: backends   = 3
whisper_model_load: loading model
whisper_model_load: n_vocab       = 51865
whisper_model_load: n_audio_ctx   = 1500
whisper_model_load: n_audio_state = 768
whisper_model_load: n_audio_head  = 12
whisper_model_load: n_audio_layer = 12
whisper_model_load: n_text_ctx    = 448
whisper_model_load: n_text_state  = 768
whisper_model_load: n_text_head   = 12
whisper_model_load: n_text_layer  = 12
whisper_model_load: n_mels        = 80
whisper_model_load: ftype         = 1
whisper_model_load: qntvr         = 0
whisper_model_load: type          = 3 (small)
whisper_model_load: adding 1608 extra tokens
whisper_model_load: n_langs       = 99
whisper_model_load:         MTL0 total size =   487.01 MB
whisper_model_load: model size    =  487.01 MB
whisper_backend_init_gpu: device 0: BLAS (type: 3)
whisper_backend_init_gpu: device 1: MTL0 (type: 1)
whisper_backend_init_gpu: found GPU device 1: MTL0 (type: 1, cnt: 0)
whisper_backend_init_gpu: using MTL0 backend
ggml_metal_init: allocating
ggml_metal_init: found device: Apple M3
ggml_metal_init: picking default device: Apple M3
ggml_metal_init: use fusion         = true
ggml_metal_init: use concurrency    = true
ggml_metal_init: use graph optimize = true
whisper_backend_init: using BLAS backend
whisper_init_state: kv self size  =   18.87 MB
whisper_init_state: kv cross size =   56.62 MB
whisper_init_state: kv pad  size  =    4.72 MB
whisper_init_state: compute buffer (conv)   =   23.38 MB
whisper_init_state: compute buffer (encode) =   39.56 MB
whisper_init_state: compute buffer (cross)  =   79.93 MB
whisper_init_state: compute buffer (decode) =   98.21 MB

whisper_print_timings:     load time =   246.56 ms
whisper_print_timings:     fallbacks =   0 p /   0 h
whisper_print_timings:      mel time =     0.00 ms
whisper_print_timings:   sample time =     0.00 ms /     1 runs (     0.00 ms per run)
whisper_print_timings:   encode time =     0.00 ms /     1 runs (     0.00 ms per run)
whisper_print_timings:   decode time =     0.00 ms /     1 runs (     0.00 ms per run)
whisper_print_timings:   batchd time =     0.00 ms /     1 runs (     0.00 ms per run)
whisper_print_timings:   prompt time =     0.00 ms /     1 runs (     0.00 ms per run)
whisper_print_timings:    total time = 65803.48 ms
ggml_metal_free: deallocating

whisper server listening at http://127.0.0.1:8179


Caught signal 15, shutting down gracefully...

whisper_print_timings:     load time =   271.83 ms
whisper_print_timings:     fallbacks =   0 p /   0 h
whisper_print_timings:      mel time =     0.00 ms
whisper_print_timings:   sample time =     0.00 ms /     1 runs (     0.00 ms per run)
whisper_print_timings:   encode time =     0.00 ms /     1 runs (     0.00 ms per run)
whisper_print_timings:   decode time =     0.00 ms /     1 runs (     0.00 ms per run)
whisper_print_timings:   batchd time =     0.00 ms /     1 runs (     0.00 ms per run)
whisper_print_timings:   prompt time =     0.00 ms /     1 runs (     0.00 ms per run)
whisper_print_timings:    total time = 654187.50 ms
Received second interrupt, terminating immediately.

whisper server listening at http://127.0.0.1:8178


Caught signal 2, shutting down gracefully...
src/ggml-metal/ggml-metal-device.m:1025: GGML_ASSERT([rsets->data count] == 0) failed
WARNING: Using native backtrace. Set GGML_BACKTRACE_LLDB for more info.
WARNING: GGML_BACKTRACE_LLDB may cause native MacOS Terminal.app to crash.
See: https://github.com/ggml-org/llama.cpp/pull/17869
0   libggml-base.0.24.0.dylib           0x00000001050d9818 ggml_print_backtrace + 276
1   libggml-base.0.24.0.dylib           0x000000010511dd04 ggml_abort + 156
2   libggml-metal.so                    0x0000000109e621e8 ggml_metal_device_id_token + 0
3   libggml-metal.so                    0x0000000109e6299c ggml_metal_device_free + 40
4   libggml-metal.so                    0x0000000109e6b0b4 _ZNSt3__110unique_ptrI17ggml_metal_device25ggml_metal_device_deleterE5resetB9nqe210106EPS1_ + 28
5   libggml-metal.so                    0x0000000109e643c8 _ZNSt3__16vectorINS_10unique_ptrI17ggml_metal_device25ggml_metal_device_deleterEENS_9allocatorIS4_EEED1B9nqe210106Ev + 60
6   libsystem_c.dylib                   0x0000000190505bb0 __cxa_finalize_ranges + 436
7   libsystem_c.dylib                   0x000000019050599c exit + 44
8   whisper-server                      0x0000000104f064dc _ZN7httplib6Server13bind_internalERKNSt3__112basic_stringIcNS1_11char_traitsIcEENS1_9allocatorIcEEEEii.cold.1 + 0
9   whisper-server                      0x0000000104e91ae0 _ZN12_GLOBAL__N_114signal_handlerEi + 80
10  libsystem_platform.dylib            0x0000000190660144 _sigtramp + 56
11  libsystem_kernel.dylib              0x00000001906127e0 mach_vm_deallocate + 60
12  libggml-metal.so                    0x0000000109e639ec ggml_metal_buffer_free + 168
13  libggml-base.0.24.0.dylib           0x00000001050ea664 ggml_backend_buffer_free + 36
14  libwhisper.1.9.4.dylib              0x0000000104ff98bc whisper_free + 68
15  whisper-server                      0x0000000104e903d4 main + 9332
16  dyld                                0x000000019027fe80 start + 6688
load_backend: loaded BLAS backend from /opt/homebrew/Cellar/ggml/0.24.0/libexec/libggml-blas.so
ggml_metal_device_init: tensor API disabled for pre-M5 and pre-A19 devices
ggml_metal_library_init: using embedded metal library
ggml_metal_library_compile_all: compiled 'fa' library in 0.017 sec
ggml_metal_library_compile_all: compiled 'mul_mv' library in 0.005 sec
ggml_metal_library_compile_all: compiled 'mul_mm' library in 0.003 sec
ggml_metal_library_compile_all: compiled 'quantize' library in 0.018 sec
ggml_metal_library_compile_all: compiled 'softmax' library in 0.001 sec
ggml_metal_library_compile_all: compiled 'norm' library in 0.001 sec
ggml_metal_library_compile_all: compiled 'unary' library in 0.018 sec
ggml_metal_library_compile_all: compiled 'binbcast' library in 0.001 sec
ggml_metal_library_compile_all: compiled 'reduce' library in 0.001 sec
ggml_metal_library_compile_all: compiled 'tri' library in 0.017 sec
ggml_metal_library_compile_all: compiled 'ssm' library in 0.017 sec
ggml_metal_library_compile_all: compiled 'wkv' library in 0.004 sec
ggml_metal_library_compile_all: compiled 'gated_delta_net' library in 0.016 sec
ggml_metal_library_compile_all: compiled 'solve_tri' library in 0.016 sec
ggml_metal_library_compile_all: compiled 'rope' library in 0.016 sec
ggml_metal_library_compile_all: compiled 'conv' library in 0.004 sec
ggml_metal_library_compile_all: compiled 'upscale' library in 0.016 sec
ggml_metal_library_compile_all: compiled 'argsort' library in 0.002 sec
ggml_metal_library_compile_all: compiled 'pool' library in 0.002 sec
ggml_metal_library_compile_all: compiled 'misc' library in 0.002 sec
ggml_metal_library_compile_all: loaded 20 libraries from embedded data in 0.018 sec (max single = 0.018 sec)
ggml_metal_rsets_init: creating a residency set collection (keep_alive = 180 s)
ggml_metal_device_init: GPU name:   MTL0 (Apple M3)
ggml_metal_device_init: GPU family: MTLGPUFamilyApple9  (1009)
ggml_metal_device_init: GPU family: MTLGPUFamilyCommon3 (3003)
ggml_metal_device_init: GPU family: MTLGPUFamilyMetal4  (5002)
ggml_metal_device_init: simdgroup reduction   = true
ggml_metal_device_init: simdgroup matrix mul. = true
ggml_metal_device_init: has unified memory    = true
ggml_metal_device_init: has bfloat            = true
ggml_metal_device_init: has tensor            = false
ggml_metal_device_init: use residency sets    = true
ggml_metal_device_init: use shared buffers    = true
ggml_metal_device_init: recommendedMaxWorkingSetSize  = 12713.12 MB
load_backend: loaded MTL backend from /opt/homebrew/Cellar/ggml/0.24.0/libexec/libggml-metal.so
load_backend: loaded CPU backend from /opt/homebrew/Cellar/ggml/0.24.0/libexec/libggml-cpu-apple_m2_m3.so
whisper_init_from_file_with_params_no_state: loading model from '/Users/p/Desktop/programming/wai/models/ggml-small.bin'
whisper_init_with_params_no_state: use gpu    = 1
whisper_init_with_params_no_state: flash attn = 1
whisper_init_with_params_no_state: gpu_device = 0
whisper_init_with_params_no_state: dtw        = 0
whisper_init_with_params_no_state: devices    = 3
whisper_init_with_params_no_state: backends   = 3
whisper_model_load: loading model
whisper_model_load: n_vocab       = 51865
whisper_model_load: n_audio_ctx   = 1500
whisper_model_load: n_audio_state = 768
whisper_model_load: n_audio_head  = 12
whisper_model_load: n_audio_layer = 12
whisper_model_load: n_text_ctx    = 448
whisper_model_load: n_text_state  = 768
whisper_model_load: n_text_head   = 12
whisper_model_load: n_text_layer  = 12
whisper_model_load: n_mels        = 80
whisper_model_load: ftype         = 1
whisper_model_load: qntvr         = 0
whisper_model_load: type          = 3 (small)
whisper_model_load: adding 1608 extra tokens
whisper_model_load: n_langs       = 99
whisper_model_load:         MTL0 total size =   487.01 MB
whisper_model_load: model size    =  487.01 MB
whisper_backend_init_gpu: device 0: BLAS (type: 3)
whisper_backend_init_gpu: device 1: MTL0 (type: 1)
whisper_backend_init_gpu: found GPU device 1: MTL0 (type: 1, cnt: 0)
whisper_backend_init_gpu: using MTL0 backend
ggml_metal_init: allocating
ggml_metal_init: found device: Apple M3
ggml_metal_init: picking default device: Apple M3
ggml_metal_init: use fusion         = true
ggml_metal_init: use concurrency    = true
ggml_metal_init: use graph optimize = true
whisper_backend_init: using BLAS backend
whisper_init_state: kv self size  =   18.87 MB
whisper_init_state: kv cross size =   56.62 MB
whisper_init_state: kv pad  size  =    4.72 MB
whisper_init_state: compute buffer (conv)   =   23.38 MB
whisper_init_state: compute buffer (encode) =   39.56 MB
whisper_init_state: compute buffer (cross)  =   79.93 MB
whisper_init_state: compute buffer (decode) =   98.21 MB

whisper_print_timings:     load time =   252.94 ms
whisper_print_timings:     fallbacks =   0 p /   0 h
whisper_print_timings:      mel time =     0.00 ms
whisper_print_timings:   sample time =     0.00 ms /     1 runs (     0.00 ms per run)
whisper_print_timings:   encode time =     0.00 ms /     1 runs (     0.00 ms per run)
whisper_print_timings:   decode time =     0.00 ms /     1 runs (     0.00 ms per run)
whisper_print_timings:   batchd time =     0.00 ms /     1 runs (     0.00 ms per run)
whisper_print_timings:   prompt time =     0.00 ms /     1 runs (     0.00 ms per run)
whisper_print_timings:    total time = 168031.17 ms
Received second interrupt, terminating immediately.

whisper server listening at http://127.0.0.1:8178


Caught signal 2, shutting down gracefully...
src/ggml-metal/ggml-metal-device.m:1025: GGML_ASSERT([rsets->data count] == 0) failed
WARNING: Using native backtrace. Set GGML_BACKTRACE_LLDB for more info.
WARNING: GGML_BACKTRACE_LLDB may cause native MacOS Terminal.app to crash.
See: https://github.com/ggml-org/llama.cpp/pull/17869
0   libggml-base.0.24.0.dylib           0x0000000104899818 ggml_print_backtrace + 276
1   libggml-base.0.24.0.dylib           0x00000001048ddd04 ggml_abort + 156
2   libggml-metal.so                    0x00000001096821e8 ggml_metal_device_id_token + 0
3   libggml-metal.so                    0x000000010968299c ggml_metal_device_free + 40
4   libggml-metal.so                    0x000000010968b0b4 _ZNSt3__110unique_ptrI17ggml_metal_device25ggml_metal_device_deleterE5resetB9nqe210106EPS1_ + 28
5   libggml-metal.so                    0x00000001096843c8 _ZNSt3__16vectorINS_10unique_ptrI17ggml_metal_device25ggml_metal_device_deleterEENS_9allocatorIS4_EEED1B9nqe210106Ev + 60
6   libsystem_c.dylib                   0x0000000190505bb0 __cxa_finalize_ranges + 436
7   libsystem_c.dylib                   0x000000019050599c exit + 44
8   whisper-server                      0x00000001046c64dc _ZN7httplib6Server13bind_internalERKNSt3__112basic_stringIcNS1_11char_traitsIcEENS1_9allocatorIcEEEEii.cold.1 + 0
9   whisper-server                      0x0000000104651ae0 _ZN12_GLOBAL__N_114signal_handlerEi + 80
10  libsystem_platform.dylib            0x0000000190660144 _sigtramp + 56
11  libsystem_kernel.dylib              0x00000001906127e0 mach_vm_deallocate + 60
12  libggml-metal.so                    0x00000001096839ec ggml_metal_buffer_free + 168
13  libggml-base.0.24.0.dylib           0x00000001048aa664 ggml_backend_buffer_free + 36
14  libwhisper.1.9.4.dylib              0x00000001047b98bc whisper_free + 68
15  whisper-server                      0x00000001046503d4 main + 9332
16  dyld                                0x000000019027fe80 start + 6688
load_backend: loaded BLAS backend from /opt/homebrew/Cellar/ggml/0.24.0/libexec/libggml-blas.so
ggml_metal_device_init: tensor API disabled for pre-M5 and pre-A19 devices
ggml_metal_library_init: using embedded metal library
ggml_metal_library_compile_all: compiled 'fa' library in 0.016 sec
ggml_metal_library_compile_all: compiled 'mul_mv' library in 0.017 sec
ggml_metal_library_compile_all: compiled 'mul_mm' library in 0.018 sec
ggml_metal_library_compile_all: compiled 'quantize' library in 0.002 sec
ggml_metal_library_compile_all: compiled 'softmax' library in 0.001 sec
ggml_metal_library_compile_all: compiled 'norm' library in 0.002 sec
ggml_metal_library_compile_all: compiled 'unary' library in 0.001 sec
ggml_metal_library_compile_all: compiled 'binbcast' library in 0.002 sec
ggml_metal_library_compile_all: compiled 'reduce' library in 0.016 sec
ggml_metal_library_compile_all: compiled 'tri' library in 0.002 sec
ggml_metal_library_compile_all: compiled 'ssm' library in 0.015 sec
ggml_metal_library_compile_all: compiled 'wkv' library in 0.015 sec
ggml_metal_library_compile_all: compiled 'gated_delta_net' library in 0.002 sec
ggml_metal_library_compile_all: compiled 'solve_tri' library in 0.001 sec
ggml_metal_library_compile_all: compiled 'rope' library in 0.000 sec
ggml_metal_library_compile_all: compiled 'conv' library in 0.001 sec
ggml_metal_library_compile_all: compiled 'upscale' library in 0.001 sec
ggml_metal_library_compile_all: compiled 'argsort' library in 0.000 sec
ggml_metal_library_compile_all: compiled 'pool' library in 0.001 sec
ggml_metal_library_compile_all: compiled 'misc' library in 0.001 sec
ggml_metal_library_compile_all: loaded 20 libraries from embedded data in 0.018 sec (max single = 0.018 sec)
ggml_metal_rsets_init: creating a residency set collection (keep_alive = 180 s)
ggml_metal_device_init: GPU name:   MTL0 (Apple M3)
ggml_metal_device_init: GPU family: MTLGPUFamilyApple9  (1009)
ggml_metal_device_init: GPU family: MTLGPUFamilyCommon3 (3003)
ggml_metal_device_init: GPU family: MTLGPUFamilyMetal4  (5002)
ggml_metal_device_init: simdgroup reduction   = true
ggml_metal_device_init: simdgroup matrix mul. = true
ggml_metal_device_init: has unified memory    = true
ggml_metal_device_init: has bfloat            = true
ggml_metal_device_init: has tensor            = false
ggml_metal_device_init: use residency sets    = true
ggml_metal_device_init: use shared buffers    = true
ggml_metal_device_init: recommendedMaxWorkingSetSize  = 12713.12 MB
load_backend: loaded MTL backend from /opt/homebrew/Cellar/ggml/0.24.0/libexec/libggml-metal.so
load_backend: loaded CPU backend from /opt/homebrew/Cellar/ggml/0.24.0/libexec/libggml-cpu-apple_m2_m3.so
whisper_init_from_file_with_params_no_state: loading model from '/Users/p/Desktop/programming/wai/models/ggml-small.bin'
whisper_init_with_params_no_state: use gpu    = 1
whisper_init_with_params_no_state: flash attn = 1
whisper_init_with_params_no_state: gpu_device = 0
whisper_init_with_params_no_state: dtw        = 0
whisper_init_with_params_no_state: devices    = 3
whisper_init_with_params_no_state: backends   = 3
whisper_model_load: loading model
whisper_model_load: n_vocab       = 51865
whisper_model_load: n_audio_ctx   = 1500
whisper_model_load: n_audio_state = 768
whisper_model_load: n_audio_head  = 12
whisper_model_load: n_audio_layer = 12
whisper_model_load: n_text_ctx    = 448
whisper_model_load: n_text_state  = 768
whisper_model_load: n_text_head   = 12
whisper_model_load: n_text_layer  = 12
whisper_model_load: n_mels        = 80
whisper_model_load: ftype         = 1
whisper_model_load: qntvr         = 0
whisper_model_load: type          = 3 (small)
whisper_model_load: adding 1608 extra tokens
whisper_model_load: n_langs       = 99
whisper_model_load:         MTL0 total size =   487.01 MB
whisper_model_load: model size    =  487.01 MB
whisper_backend_init_gpu: device 0: BLAS (type: 3)
whisper_backend_init_gpu: device 1: MTL0 (type: 1)
whisper_backend_init_gpu: found GPU device 1: MTL0 (type: 1, cnt: 0)
whisper_backend_init_gpu: using MTL0 backend
ggml_metal_init: allocating
ggml_metal_init: found device: Apple M3
ggml_metal_init: picking default device: Apple M3
ggml_metal_init: use fusion         = true
ggml_metal_init: use concurrency    = true
ggml_metal_init: use graph optimize = true
whisper_backend_init: using BLAS backend
whisper_init_state: kv self size  =   18.87 MB
whisper_init_state: kv cross size =   56.62 MB
whisper_init_state: kv pad  size  =    4.72 MB
whisper_init_state: compute buffer (conv)   =   23.38 MB
whisper_init_state: compute buffer (encode) =   39.56 MB
whisper_init_state: compute buffer (cross)  =   79.93 MB
whisper_init_state: compute buffer (decode) =   98.21 MB

whisper_print_timings:     load time =   285.27 ms
whisper_print_timings:     fallbacks =   0 p /   0 h
whisper_print_timings:      mel time =     0.00 ms
whisper_print_timings:   sample time =     0.00 ms /     1 runs (     0.00 ms per run)
whisper_print_timings:   encode time =     0.00 ms /     1 runs (     0.00 ms per run)
whisper_print_timings:   decode time =     0.00 ms /     1 runs (     0.00 ms per run)
whisper_print_timings:   batchd time =     0.00 ms /     1 runs (     0.00 ms per run)
whisper_print_timings:   prompt time =     0.00 ms /     1 runs (     0.00 ms per run)
whisper_print_timings:    total time = 30998.21 ms
ggml_metal_free: deallocating

whisper server listening at http://127.0.0.1:8179


Caught signal 15, shutting down gracefully...
load_backend: loaded BLAS backend from /opt/homebrew/Cellar/ggml/0.24.0/libexec/libggml-blas.so
ggml_metal_device_init: tensor API disabled for pre-M5 and pre-A19 devices
ggml_metal_library_init: using embedded metal library
ggml_metal_library_compile_all: compiled 'fa' library in 0.014 sec
ggml_metal_library_compile_all: compiled 'mul_mv' library in 0.017 sec
ggml_metal_library_compile_all: compiled 'mul_mm' library in 0.015 sec
ggml_metal_library_compile_all: compiled 'quantize' library in 0.018 sec
ggml_metal_library_compile_all: compiled 'softmax' library in 0.001 sec
ggml_metal_library_compile_all: compiled 'norm' library in 0.001 sec
ggml_metal_library_compile_all: compiled 'unary' library in 0.017 sec
ggml_metal_library_compile_all: compiled 'binbcast' library in 0.001 sec
ggml_metal_library_compile_all: compiled 'reduce' library in 0.015 sec
ggml_metal_library_compile_all: compiled 'tri' library in 0.015 sec
ggml_metal_library_compile_all: compiled 'ssm' library in 0.016 sec
ggml_metal_library_compile_all: compiled 'wkv' library in 0.015 sec
ggml_metal_library_compile_all: compiled 'gated_delta_net' library in 0.017 sec
ggml_metal_library_compile_all: compiled 'solve_tri' library in 0.017 sec
ggml_metal_library_compile_all: compiled 'rope' library in 0.017 sec
ggml_metal_library_compile_all: compiled 'conv' library in 0.017 sec
ggml_metal_library_compile_all: compiled 'upscale' library in 0.016 sec
ggml_metal_library_compile_all: compiled 'argsort' library in 0.016 sec
ggml_metal_library_compile_all: compiled 'pool' library in 0.017 sec
ggml_metal_library_compile_all: compiled 'misc' library in 0.016 sec
ggml_metal_library_compile_all: loaded 20 libraries from embedded data in 0.018 sec (max single = 0.018 sec)
ggml_metal_rsets_init: creating a residency set collection (keep_alive = 180 s)
ggml_metal_device_init: GPU name:   MTL0 (Apple M3)
ggml_metal_device_init: GPU family: MTLGPUFamilyApple9  (1009)
ggml_metal_device_init: GPU family: MTLGPUFamilyCommon3 (3003)
ggml_metal_device_init: GPU family: MTLGPUFamilyMetal4  (5002)
ggml_metal_device_init: simdgroup reduction   = true
ggml_metal_device_init: simdgroup matrix mul. = true
ggml_metal_device_init: has unified memory    = true
ggml_metal_device_init: has bfloat            = true
ggml_metal_device_init: has tensor            = false
ggml_metal_device_init: use residency sets    = true
ggml_metal_device_init: use shared buffers    = true
ggml_metal_device_init: recommendedMaxWorkingSetSize  = 12713.12 MB
load_backend: loaded MTL backend from /opt/homebrew/Cellar/ggml/0.24.0/libexec/libggml-metal.so
load_backend: loaded CPU backend from /opt/homebrew/Cellar/ggml/0.24.0/libexec/libggml-cpu-apple_m2_m3.so
whisper_init_from_file_with_params_no_state: loading model from '/Users/p/Desktop/programming/wai/models/ggml-small.bin'
whisper_init_with_params_no_state: use gpu    = 1
whisper_init_with_params_no_state: flash attn = 1
whisper_init_with_params_no_state: gpu_device = 0
whisper_init_with_params_no_state: dtw        = 0
whisper_init_with_params_no_state: devices    = 3
whisper_init_with_params_no_state: backends   = 3
whisper_model_load: loading model
whisper_model_load: n_vocab       = 51865
whisper_model_load: n_audio_ctx   = 1500
whisper_model_load: n_audio_state = 768
whisper_model_load: n_audio_head  = 12
whisper_model_load: n_audio_layer = 12
whisper_model_load: n_text_ctx    = 448
whisper_model_load: n_text_state  = 768
whisper_model_load: n_text_head   = 12
whisper_model_load: n_text_layer  = 12
whisper_model_load: n_mels        = 80
whisper_model_load: ftype         = 1
whisper_model_load: qntvr         = 0
whisper_model_load: type          = 3 (small)
whisper_model_load: adding 1608 extra tokens
whisper_model_load: n_langs       = 99
whisper_model_load:         MTL0 total size =   487.01 MB
whisper_model_load: model size    =  487.01 MB
whisper_backend_init_gpu: device 0: BLAS (type: 3)
whisper_backend_init_gpu: device 1: MTL0 (type: 1)
whisper_backend_init_gpu: found GPU device 1: MTL0 (type: 1, cnt: 0)
whisper_backend_init_gpu: using MTL0 backend
ggml_metal_init: allocating
ggml_metal_init: found device: Apple M3
ggml_metal_init: picking default device: Apple M3
ggml_metal_init: use fusion         = true
ggml_metal_init: use concurrency    = true
ggml_metal_init: use graph optimize = true
whisper_backend_init: using BLAS backend
whisper_init_state: kv self size  =   18.87 MB
whisper_init_state: kv cross size =   56.62 MB
whisper_init_state: kv pad  size  =    4.72 MB
whisper_init_state: compute buffer (conv)   =   23.38 MB
whisper_init_state: compute buffer (encode) =   39.56 MB
whisper_init_state: compute buffer (cross)  =   79.93 MB
whisper_init_state: compute buffer (decode) =   98.21 MB

whisper_print_timings:     load time =   252.72 ms
whisper_print_timings:     fallbacks =   0 p /   0 h
whisper_print_timings:      mel time =     0.00 ms
whisper_print_timings:   sample time =     0.00 ms /     1 runs (     0.00 ms per run)
whisper_print_timings:   encode time =     0.00 ms /     1 runs (     0.00 ms per run)
whisper_print_timings:   decode time =     0.00 ms /     1 runs (     0.00 ms per run)
whisper_print_timings:   batchd time =     0.00 ms /     1 runs (     0.00 ms per run)
whisper_print_timings:   prompt time =     0.00 ms /     1 runs (     0.00 ms per run)
whisper_print_timings:    total time = 30976.61 ms
ggml_metal_free: deallocating

whisper server listening at http://127.0.0.1:8179


Caught signal 15, shutting down gracefully...
load_backend: loaded BLAS backend from /opt/homebrew/Cellar/ggml/0.24.0/libexec/libggml-blas.so
ggml_metal_device_init: tensor API disabled for pre-M5 and pre-A19 devices
ggml_metal_library_init: using embedded metal library
ggml_metal_library_compile_all: compiled 'fa' library in 0.014 sec
ggml_metal_library_compile_all: compiled 'mul_mv' library in 0.017 sec
ggml_metal_library_compile_all: compiled 'mul_mm' library in 0.015 sec
ggml_metal_library_compile_all: compiled 'quantize' library in 0.018 sec
ggml_metal_library_compile_all: compiled 'softmax' library in 0.001 sec
ggml_metal_library_compile_all: compiled 'norm' library in 0.018 sec
ggml_metal_library_compile_all: compiled 'unary' library in 0.001 sec
ggml_metal_library_compile_all: compiled 'binbcast' library in 0.001 sec
ggml_metal_library_compile_all: compiled 'reduce' library in 0.015 sec
ggml_metal_library_compile_all: compiled 'tri' library in 0.015 sec
ggml_metal_library_compile_all: compiled 'ssm' library in 0.015 sec
ggml_metal_library_compile_all: compiled 'wkv' library in 0.016 sec
ggml_metal_library_compile_all: compiled 'gated_delta_net' library in 0.017 sec
ggml_metal_library_compile_all: compiled 'solve_tri' library in 0.017 sec
ggml_metal_library_compile_all: compiled 'rope' library in 0.017 sec
ggml_metal_library_compile_all: compiled 'conv' library in 0.017 sec
ggml_metal_library_compile_all: compiled 'upscale' library in 0.016 sec
ggml_metal_library_compile_all: compiled 'argsort' library in 0.017 sec
ggml_metal_library_compile_all: compiled 'pool' library in 0.016 sec
ggml_metal_library_compile_all: compiled 'misc' library in 0.016 sec
ggml_metal_library_compile_all: loaded 20 libraries from embedded data in 0.018 sec (max single = 0.018 sec)
ggml_metal_rsets_init: creating a residency set collection (keep_alive = 180 s)
ggml_metal_device_init: GPU name:   MTL0 (Apple M3)
ggml_metal_device_init: GPU family: MTLGPUFamilyApple9  (1009)
ggml_metal_device_init: GPU family: MTLGPUFamilyCommon3 (3003)
ggml_metal_device_init: GPU family: MTLGPUFamilyMetal4  (5002)
ggml_metal_device_init: simdgroup reduction   = true
ggml_metal_device_init: simdgroup matrix mul. = true
ggml_metal_device_init: has unified memory    = true
ggml_metal_device_init: has bfloat            = true
ggml_metal_device_init: has tensor            = false
ggml_metal_device_init: use residency sets    = true
ggml_metal_device_init: use shared buffers    = true
ggml_metal_device_init: recommendedMaxWorkingSetSize  = 12713.12 MB
load_backend: loaded MTL backend from /opt/homebrew/Cellar/ggml/0.24.0/libexec/libggml-metal.so
load_backend: loaded CPU backend from /opt/homebrew/Cellar/ggml/0.24.0/libexec/libggml-cpu-apple_m2_m3.so
whisper_init_from_file_with_params_no_state: loading model from '/Users/p/Desktop/programming/wai/models/ggml-small.bin'
whisper_init_with_params_no_state: use gpu    = 1
whisper_init_with_params_no_state: flash attn = 1
whisper_init_with_params_no_state: gpu_device = 0
whisper_init_with_params_no_state: dtw        = 0
whisper_init_with_params_no_state: devices    = 3
whisper_init_with_params_no_state: backends   = 3
whisper_model_load: loading model
whisper_model_load: n_vocab       = 51865
whisper_model_load: n_audio_ctx   = 1500
whisper_model_load: n_audio_state = 768
whisper_model_load: n_audio_head  = 12
whisper_model_load: n_audio_layer = 12
whisper_model_load: n_text_ctx    = 448
whisper_model_load: n_text_state  = 768
whisper_model_load: n_text_head   = 12
whisper_model_load: n_text_layer  = 12
whisper_model_load: n_mels        = 80
whisper_model_load: ftype         = 1
whisper_model_load: qntvr         = 0
whisper_model_load: type          = 3 (small)
whisper_model_load: adding 1608 extra tokens
whisper_model_load: n_langs       = 99
whisper_model_load:         MTL0 total size =   487.01 MB
whisper_model_load: model size    =  487.01 MB
whisper_backend_init_gpu: device 0: BLAS (type: 3)
whisper_backend_init_gpu: device 1: MTL0 (type: 1)
whisper_backend_init_gpu: found GPU device 1: MTL0 (type: 1, cnt: 0)
whisper_backend_init_gpu: using MTL0 backend
ggml_metal_init: allocating
ggml_metal_init: found device: Apple M3
ggml_metal_init: picking default device: Apple M3
ggml_metal_init: use fusion         = true
ggml_metal_init: use concurrency    = true
ggml_metal_init: use graph optimize = true
whisper_backend_init: using BLAS backend
whisper_init_state: kv self size  =   18.87 MB
whisper_init_state: kv cross size =   56.62 MB
whisper_init_state: kv pad  size  =    4.72 MB
whisper_init_state: compute buffer (conv)   =   23.38 MB
whisper_init_state: compute buffer (encode) =   39.56 MB
whisper_init_state: compute buffer (cross)  =   79.93 MB
whisper_init_state: compute buffer (decode) =   98.21 MB
load_backend: loaded BLAS backend from /opt/homebrew/Cellar/ggml/0.24.0/libexec/libggml-blas.so
ggml_metal_device_init: tensor API disabled for pre-M5 and pre-A19 devices
ggml_metal_library_init: using embedded metal library
ggml_metal_library_compile_all: compiled 'fa' library in 0.016 sec
ggml_metal_library_compile_all: compiled 'mul_mv' library in 0.017 sec
ggml_metal_library_compile_all: compiled 'mul_mm' library in 0.003 sec
ggml_metal_library_compile_all: compiled 'quantize' library in 0.018 sec
ggml_metal_library_compile_all: compiled 'softmax' library in 0.001 sec
ggml_metal_library_compile_all: compiled 'norm' library in 0.001 sec
ggml_metal_library_compile_all: compiled 'unary' library in 0.003 sec
ggml_metal_library_compile_all: compiled 'binbcast' library in 0.001 sec
ggml_metal_library_compile_all: compiled 'reduce' library in 0.003 sec
ggml_metal_library_compile_all: compiled 'tri' library in 0.016 sec
ggml_metal_library_compile_all: compiled 'ssm' library in 0.017 sec
ggml_metal_library_compile_all: compiled 'wkv' library in 0.002 sec
ggml_metal_library_compile_all: compiled 'gated_delta_net' library in 0.002 sec
ggml_metal_library_compile_all: compiled 'solve_tri' library in 0.017 sec
ggml_metal_library_compile_all: compiled 'rope' library in 0.002 sec
ggml_metal_library_compile_all: compiled 'conv' library in 0.016 sec
ggml_metal_library_compile_all: compiled 'upscale' library in 0.017 sec
ggml_metal_library_compile_all: compiled 'argsort' library in 0.017 sec
ggml_metal_library_compile_all: compiled 'pool' library in 0.016 sec
ggml_metal_library_compile_all: compiled 'misc' library in 0.016 sec
ggml_metal_library_compile_all: loaded 20 libraries from embedded data in 0.018 sec (max single = 0.018 sec)
ggml_metal_rsets_init: creating a residency set collection (keep_alive = 180 s)
ggml_metal_device_init: GPU name:   MTL0 (Apple M3)
ggml_metal_device_init: GPU family: MTLGPUFamilyApple9  (1009)
ggml_metal_device_init: GPU family: MTLGPUFamilyCommon3 (3003)
ggml_metal_device_init: GPU family: MTLGPUFamilyMetal4  (5002)
ggml_metal_device_init: simdgroup reduction   = true
ggml_metal_device_init: simdgroup matrix mul. = true
ggml_metal_device_init: has unified memory    = true
ggml_metal_device_init: has bfloat            = true
ggml_metal_device_init: has tensor            = false
ggml_metal_device_init: use residency sets    = true
ggml_metal_device_init: use shared buffers    = true
ggml_metal_device_init: recommendedMaxWorkingSetSize  = 12713.12 MB
load_backend: loaded MTL backend from /opt/homebrew/Cellar/ggml/0.24.0/libexec/libggml-metal.so
load_backend: loaded CPU backend from /opt/homebrew/Cellar/ggml/0.24.0/libexec/libggml-cpu-apple_m2_m3.so
whisper_init_from_file_with_params_no_state: loading model from '/Users/p/Desktop/programming/wai/models/ggml-small.bin'
whisper_init_with_params_no_state: use gpu    = 1
whisper_init_with_params_no_state: flash attn = 1
whisper_init_with_params_no_state: gpu_device = 0
whisper_init_with_params_no_state: dtw        = 0
whisper_init_with_params_no_state: devices    = 3
whisper_init_with_params_no_state: backends   = 3
whisper_model_load: loading model
whisper_model_load: n_vocab       = 51865
whisper_model_load: n_audio_ctx   = 1500
whisper_model_load: n_audio_state = 768
whisper_model_load: n_audio_head  = 12
whisper_model_load: n_audio_layer = 12
whisper_model_load: n_text_ctx    = 448
whisper_model_load: n_text_state  = 768
whisper_model_load: n_text_head   = 12
whisper_model_load: n_text_layer  = 12
whisper_model_load: n_mels        = 80
whisper_model_load: ftype         = 1
whisper_model_load: qntvr         = 0
whisper_model_load: type          = 3 (small)
whisper_model_load: adding 1608 extra tokens
whisper_model_load: n_langs       = 99
whisper_model_load:         MTL0 total size =   487.01 MB
whisper_model_load: model size    =  487.01 MB
whisper_backend_init_gpu: device 0: BLAS (type: 3)
whisper_backend_init_gpu: device 1: MTL0 (type: 1)
whisper_backend_init_gpu: found GPU device 1: MTL0 (type: 1, cnt: 0)
whisper_backend_init_gpu: using MTL0 backend
ggml_metal_init: allocating
ggml_metal_init: found device: Apple M3
ggml_metal_init: picking default device: Apple M3
ggml_metal_init: use fusion         = true
ggml_metal_init: use concurrency    = true
ggml_metal_init: use graph optimize = true
whisper_backend_init: using BLAS backend
whisper_init_state: kv self size  =   18.87 MB
whisper_init_state: kv cross size =   56.62 MB
whisper_init_state: kv pad  size  =    4.72 MB
whisper_init_state: compute buffer (conv)   =   23.38 MB
whisper_init_state: compute buffer (encode) =   39.56 MB
whisper_init_state: compute buffer (cross)  =   79.93 MB
whisper_init_state: compute buffer (decode) =   98.21 MB

whisper_print_timings:     load time =   251.52 ms
whisper_print_timings:     fallbacks =   0 p /   0 h
whisper_print_timings:      mel time =     0.00 ms
whisper_print_timings:   sample time =     0.00 ms /     1 runs (     0.00 ms per run)
whisper_print_timings:   encode time =     0.00 ms /     1 runs (     0.00 ms per run)
whisper_print_timings:   decode time =     0.00 ms /     1 runs (     0.00 ms per run)
whisper_print_timings:   batchd time =     0.00 ms /     1 runs (     0.00 ms per run)
whisper_print_timings:   prompt time =     0.00 ms /     1 runs (     0.00 ms per run)
whisper_print_timings:    total time = 29793.50 ms
Received second interrupt, terminating immediately.

whisper server listening at http://127.0.0.1:8178


Caught signal 2, shutting down gracefully...
src/ggml-metal/ggml-metal-device.m:1025: GGML_ASSERT([rsets->data count] == 0) failed
WARNING: Using native backtrace. Set GGML_BACKTRACE_LLDB for more info.
WARNING: GGML_BACKTRACE_LLDB may cause native MacOS Terminal.app to crash.
See: https://github.com/ggml-org/llama.cpp/pull/17869
0   libggml-base.0.24.0.dylib           0x0000000105005818 ggml_print_backtrace + 276
1   libggml-base.0.24.0.dylib           0x0000000105049d04 ggml_abort + 156
2   libggml-metal.so                    0x0000000109e2a1e8 ggml_metal_device_id_token + 0
3   libggml-metal.so                    0x0000000109e2a99c ggml_metal_device_free + 40
4   libggml-metal.so                    0x0000000109e330b4 _ZNSt3__110unique_ptrI17ggml_metal_device25ggml_metal_device_deleterE5resetB9nqe210106EPS1_ + 28
5   libggml-metal.so                    0x0000000109e2c3c8 _ZNSt3__16vectorINS_10unique_ptrI17ggml_metal_device25ggml_metal_device_deleterEENS_9allocatorIS4_EEED1B9nqe210106Ev + 60
6   libsystem_c.dylib                   0x0000000190505bb0 __cxa_finalize_ranges + 436
7   libsystem_c.dylib                   0x000000019050599c exit + 44
8   whisper-server                      0x0000000104e324dc _ZN7httplib6Server13bind_internalERKNSt3__112basic_stringIcNS1_11char_traitsIcEENS1_9allocatorIcEEEEii.cold.1 + 0
9   whisper-server                      0x0000000104dbdae0 _ZN12_GLOBAL__N_114signal_handlerEi + 80
10  libsystem_platform.dylib            0x0000000190660144 _sigtramp + 56
11  libsystem_c.dylib                   0x000000019050f294 __swrite + 24
12  libsystem_c.dylib                   0x00000001904ef970 _swrite + 108
13  libsystem_c.dylib                   0x00000001904e1f28 __sfvwrite + 576
14  libsystem_c.dylib                   0x000000019050a26c fputs + 256
15  libwhisper.1.9.4.dylib              0x0000000104f33568 _ZL28whisper_log_callback_default14ggml_log_levelPKcPv + 48
16  libwhisper.1.9.4.dylib              0x0000000104f22e68 _ZL20whisper_log_internal14ggml_log_levelPKcz + 112
17  libwhisper.1.9.4.dylib              0x0000000104f27bc4 whisper_print_timings + 636
18  whisper-server                      0x0000000104dbc3cc main + 9324
19  dyld                                0x000000019027fe80 start + 6688
load_backend: loaded BLAS backend from /opt/homebrew/Cellar/ggml/0.24.0/libexec/libggml-blas.so
ggml_metal_device_init: tensor API disabled for pre-M5 and pre-A19 devices
ggml_metal_library_init: using embedded metal library
ggml_metal_library_compile_all: compiled 'fa' library in 0.014 sec
ggml_metal_library_compile_all: compiled 'mul_mv' library in 0.017 sec
ggml_metal_library_compile_all: compiled 'mul_mm' library in 0.015 sec
ggml_metal_library_compile_all: compiled 'quantize' library in 0.018 sec
ggml_metal_library_compile_all: compiled 'softmax' library in 0.001 sec
ggml_metal_library_compile_all: compiled 'norm' library in 0.001 sec
ggml_metal_library_compile_all: compiled 'unary' library in 0.001 sec
ggml_metal_library_compile_all: compiled 'binbcast' library in 0.018 sec
ggml_metal_library_compile_all: compiled 'reduce' library in 0.015 sec
ggml_metal_library_compile_all: compiled 'tri' library in 0.015 sec
ggml_metal_library_compile_all: compiled 'ssm' library in 0.017 sec
ggml_metal_library_compile_all: compiled 'wkv' library in 0.018 sec
ggml_metal_library_compile_all: compiled 'gated_delta_net' library in 0.015 sec
ggml_metal_library_compile_all: compiled 'solve_tri' library in 0.017 sec
ggml_metal_library_compile_all: compiled 'rope' library in 0.018 sec
ggml_metal_library_compile_all: compiled 'conv' library in 0.017 sec
ggml_metal_library_compile_all: compiled 'upscale' library in 0.016 sec
ggml_metal_library_compile_all: compiled 'argsort' library in 0.016 sec
ggml_metal_library_compile_all: compiled 'pool' library in 0.017 sec
ggml_metal_library_compile_all: compiled 'misc' library in 0.016 sec
ggml_metal_library_compile_all: loaded 20 libraries from embedded data in 0.018 sec (max single = 0.018 sec)
ggml_metal_rsets_init: creating a residency set collection (keep_alive = 180 s)
ggml_metal_device_init: GPU name:   MTL0 (Apple M3)
ggml_metal_device_init: GPU family: MTLGPUFamilyApple9  (1009)
ggml_metal_device_init: GPU family: MTLGPUFamilyCommon3 (3003)
ggml_metal_device_init: GPU family: MTLGPUFamilyMetal4  (5002)
ggml_metal_device_init: simdgroup reduction   = true
ggml_metal_device_init: simdgroup matrix mul. = true
ggml_metal_device_init: has unified memory    = true
ggml_metal_device_init: has bfloat            = true
ggml_metal_device_init: has tensor            = false
ggml_metal_device_init: use residency sets    = true
ggml_metal_device_init: use shared buffers    = true
ggml_metal_device_init: recommendedMaxWorkingSetSize  = 12713.12 MB
load_backend: loaded MTL backend from /opt/homebrew/Cellar/ggml/0.24.0/libexec/libggml-metal.so
load_backend: loaded CPU backend from /opt/homebrew/Cellar/ggml/0.24.0/libexec/libggml-cpu-apple_m2_m3.so
whisper_init_from_file_with_params_no_state: loading model from '/Users/p/Desktop/programming/wai/models/ggml-small.bin'
whisper_init_with_params_no_state: use gpu    = 1
whisper_init_with_params_no_state: flash attn = 1
whisper_init_with_params_no_state: gpu_device = 0
whisper_init_with_params_no_state: dtw        = 0
whisper_init_with_params_no_state: devices    = 3
whisper_init_with_params_no_state: backends   = 3
whisper_model_load: loading model
whisper_model_load: n_vocab       = 51865
whisper_model_load: n_audio_ctx   = 1500
whisper_model_load: n_audio_state = 768
whisper_model_load: n_audio_head  = 12
whisper_model_load: n_audio_layer = 12
whisper_model_load: n_text_ctx    = 448
whisper_model_load: n_text_state  = 768
whisper_model_load: n_text_head   = 12
whisper_model_load: n_text_layer  = 12
whisper_model_load: n_mels        = 80
whisper_model_load: ftype         = 1
whisper_model_load: qntvr         = 0
whisper_model_load: type          = 3 (small)
whisper_model_load: adding 1608 extra tokens
whisper_model_load: n_langs       = 99
whisper_model_load:         MTL0 total size =   487.01 MB
whisper_model_load: model size    =  487.01 MB
whisper_backend_init_gpu: device 0: BLAS (type: 3)
whisper_backend_init_gpu: device 1: MTL0 (type: 1)
whisper_backend_init_gpu: found GPU device 1: MTL0 (type: 1, cnt: 0)
whisper_backend_init_gpu: using MTL0 backend
ggml_metal_init: allocating
ggml_metal_init: found device: Apple M3
ggml_metal_init: picking default device: Apple M3
ggml_metal_init: use fusion         = true
ggml_metal_init: use concurrency    = true
ggml_metal_init: use graph optimize = true
whisper_backend_init: using BLAS backend
whisper_init_state: kv self size  =   18.87 MB
whisper_init_state: kv cross size =   56.62 MB
whisper_init_state: kv pad  size  =    4.72 MB
whisper_init_state: compute buffer (conv)   =   23.38 MB
whisper_init_state: compute buffer (encode) =   39.56 MB
whisper_init_state: compute buffer (cross)  =   79.93 MB
whisper_init_state: compute buffer (decode) =   98.21 MB

whisper_print_timings:     load time =   243.89 ms
whisper_print_timings:     fallbacks =   0 p /   0 h
whisper_print_timings:      mel time =     0.00 ms
whisper_print_timings:   sample time =     0.00 ms /     1 runs (     0.00 ms per run)
whisper_print_timings:   encode time =     0.00 ms /     1 runs (     0.00 ms per run)
whisper_print_timings:   decode time =     0.00 ms /     1 runs (     0.00 ms per run)
whisper_print_timings:   batchd time =     0.00 ms /     1 runs (     0.00 ms per run)
whisper_print_timings:   prompt time =     0.00 ms /     1 runs (     0.00 ms per run)
whisper_print_timings:    total time =  8776.13 ms
ggml_metal_free: deallocating

whisper server listening at http://127.0.0.1:8178


Caught signal 15, shutting down gracefully...
load_backend: loaded BLAS backend from /opt/homebrew/Cellar/ggml/0.24.0/libexec/libggml-blas.so
ggml_metal_device_init: tensor API disabled for pre-M5 and pre-A19 devices
ggml_metal_library_init: using embedded metal library
ggml_metal_library_compile_all: compiled 'fa' library in 0.018 sec
ggml_metal_library_compile_all: compiled 'mul_mv' library in 0.019 sec
ggml_metal_library_compile_all: compiled 'mul_mm' library in 0.004 sec
ggml_metal_library_compile_all: compiled 'quantize' library in 0.003 sec
ggml_metal_library_compile_all: compiled 'softmax' library in 0.002 sec
ggml_metal_library_compile_all: compiled 'norm' library in 0.019 sec
ggml_metal_library_compile_all: compiled 'unary' library in 0.004 sec
ggml_metal_library_compile_all: compiled 'binbcast' library in 0.019 sec
ggml_metal_library_compile_all: compiled 'reduce' library in 0.003 sec
ggml_metal_library_compile_all: compiled 'tri' library in 0.019 sec
ggml_metal_library_compile_all: compiled 'ssm' library in 0.019 sec
ggml_metal_library_compile_all: compiled 'wkv' library in 0.019 sec
ggml_metal_library_compile_all: compiled 'gated_delta_net' library in 0.019 sec
ggml_metal_library_compile_all: compiled 'solve_tri' library in 0.019 sec
ggml_metal_library_compile_all: compiled 'rope' library in 0.019 sec
ggml_metal_library_compile_all: compiled 'conv' library in 0.019 sec
ggml_metal_library_compile_all: compiled 'upscale' library in 0.019 sec
ggml_metal_library_compile_all: compiled 'argsort' library in 0.018 sec
ggml_metal_library_compile_all: compiled 'pool' library in 0.018 sec
ggml_metal_library_compile_all: compiled 'misc' library in 0.018 sec
ggml_metal_library_compile_all: loaded 20 libraries from embedded data in 0.020 sec (max single = 0.019 sec)
ggml_metal_rsets_init: creating a residency set collection (keep_alive = 180 s)
ggml_metal_device_init: GPU name:   MTL0 (Apple M3)
ggml_metal_device_init: GPU family: MTLGPUFamilyApple9  (1009)
ggml_metal_device_init: GPU family: MTLGPUFamilyCommon3 (3003)
ggml_metal_device_init: GPU family: MTLGPUFamilyMetal4  (5002)
ggml_metal_device_init: simdgroup reduction   = true
ggml_metal_device_init: simdgroup matrix mul. = true
ggml_metal_device_init: has unified memory    = true
ggml_metal_device_init: has bfloat            = true
ggml_metal_device_init: has tensor            = false
ggml_metal_device_init: use residency sets    = true
ggml_metal_device_init: use shared buffers    = true
ggml_metal_device_init: recommendedMaxWorkingSetSize  = 12713.12 MB
load_backend: loaded MTL backend from /opt/homebrew/Cellar/ggml/0.24.0/libexec/libggml-metal.so
load_backend: loaded CPU backend from /opt/homebrew/Cellar/ggml/0.24.0/libexec/libggml-cpu-apple_m2_m3.so
whisper_init_from_file_with_params_no_state: loading model from '/Users/p/Desktop/programming/wai/models/ggml-small.bin'
whisper_init_with_params_no_state: use gpu    = 1
whisper_init_with_params_no_state: flash attn = 1
whisper_init_with_params_no_state: gpu_device = 0
whisper_init_with_params_no_state: dtw        = 0
whisper_init_with_params_no_state: devices    = 3
whisper_init_with_params_no_state: backends   = 3
whisper_model_load: loading model
whisper_model_load: n_vocab       = 51865
whisper_model_load: n_audio_ctx   = 1500
whisper_model_load: n_audio_state = 768
whisper_model_load: n_audio_head  = 12
whisper_model_load: n_audio_layer = 12
whisper_model_load: n_text_ctx    = 448
whisper_model_load: n_text_state  = 768
whisper_model_load: n_text_head   = 12
whisper_model_load: n_text_layer  = 12
whisper_model_load: n_mels        = 80
whisper_model_load: ftype         = 1
whisper_model_load: qntvr         = 0
whisper_model_load: type          = 3 (small)
whisper_model_load: adding 1608 extra tokens
whisper_model_load: n_langs       = 99
whisper_model_load:         MTL0 total size =   487.01 MB
whisper_model_load: model size    =  487.01 MB
whisper_backend_init_gpu: device 0: BLAS (type: 3)
whisper_backend_init_gpu: device 1: MTL0 (type: 1)
whisper_backend_init_gpu: found GPU device 1: MTL0 (type: 1, cnt: 0)
whisper_backend_init_gpu: using MTL0 backend
ggml_metal_init: allocating
ggml_metal_init: found device: Apple M3
ggml_metal_init: picking default device: Apple M3
ggml_metal_init: use fusion         = true
ggml_metal_init: use concurrency    = true
ggml_metal_init: use graph optimize = true
whisper_backend_init: using BLAS backend
whisper_init_state: kv self size  =   18.87 MB
whisper_init_state: kv cross size =   56.62 MB
whisper_init_state: kv pad  size  =    4.72 MB
whisper_init_state: compute buffer (conv)   =   23.38 MB
whisper_init_state: compute buffer (encode) =   39.56 MB
whisper_init_state: compute buffer (cross)  =   79.93 MB
whisper_init_state: compute buffer (decode) =   98.21 MB

whisper_print_timings:     load time =   244.32 ms
whisper_print_timings:     fallbacks =   0 p /   0 h
whisper_print_timings:      mel time =     0.00 ms
whisper_print_timings:   sample time =     0.00 ms /     1 runs (     0.00 ms per run)
whisper_print_timings:   encode time =     0.00 ms /     1 runs (     0.00 ms per run)
whisper_print_timings:   decode time =     0.00 ms /     1 runs (     0.00 ms per run)
whisper_print_timings:   batchd time =     0.00 ms /     1 runs (     0.00 ms per run)
whisper_print_timings:   prompt time =     0.00 ms /     1 runs (     0.00 ms per run)
whisper_print_timings:    total time = 26988.74 ms
ggml_metal_free: deallocating

whisper server listening at http://127.0.0.1:8178


Caught signal 15, shutting down gracefully...
load_backend: loaded BLAS backend from /opt/homebrew/Cellar/ggml/0.24.0/libexec/libggml-blas.so
ggml_metal_device_init: tensor API disabled for pre-M5 and pre-A19 devices
ggml_metal_library_init: using embedded metal library
ggml_metal_library_compile_all: compiled 'fa' library in 0.049 sec
ggml_metal_library_compile_all: compiled 'mul_mv' library in 0.013 sec
ggml_metal_library_compile_all: compiled 'mul_mm' library in 0.008 sec
ggml_metal_library_compile_all: compiled 'quantize' library in 0.051 sec
ggml_metal_library_compile_all: compiled 'softmax' library in 0.003 sec
ggml_metal_library_compile_all: compiled 'norm' library in 0.002 sec
ggml_metal_library_compile_all: compiled 'unary' library in 0.003 sec
ggml_metal_library_compile_all: compiled 'binbcast' library in 0.052 sec
ggml_metal_library_compile_all: compiled 'reduce' library in 0.006 sec
ggml_metal_library_compile_all: compiled 'tri' library in 0.007 sec
ggml_metal_library_compile_all: compiled 'ssm' library in 0.007 sec
ggml_metal_library_compile_all: compiled 'wkv' library in 0.006 sec
ggml_metal_library_compile_all: compiled 'gated_delta_net' library in 0.052 sec
ggml_metal_library_compile_all: compiled 'solve_tri' library in 0.051 sec
ggml_metal_library_compile_all: compiled 'rope' library in 0.051 sec
ggml_metal_library_compile_all: compiled 'conv' library in 0.050 sec
ggml_metal_library_compile_all: compiled 'upscale' library in 0.011 sec
ggml_metal_library_compile_all: compiled 'argsort' library in 0.051 sec
ggml_metal_library_compile_all: compiled 'pool' library in 0.012 sec
ggml_metal_library_compile_all: compiled 'misc' library in 0.012 sec
ggml_metal_library_compile_all: loaded 20 libraries from embedded data in 0.053 sec (max single = 0.052 sec)
ggml_metal_rsets_init: creating a residency set collection (keep_alive = 180 s)
ggml_metal_device_init: GPU name:   MTL0 (Apple M3)
ggml_metal_device_init: GPU family: MTLGPUFamilyApple9  (1009)
ggml_metal_device_init: GPU family: MTLGPUFamilyCommon3 (3003)
ggml_metal_device_init: GPU family: MTLGPUFamilyMetal4  (5002)
ggml_metal_device_init: simdgroup reduction   = true
ggml_metal_device_init: simdgroup matrix mul. = true
ggml_metal_device_init: has unified memory    = true
ggml_metal_device_init: has bfloat            = true
ggml_metal_device_init: has tensor            = false
ggml_metal_device_init: use residency sets    = true
ggml_metal_device_init: use shared buffers    = true
ggml_metal_device_init: recommendedMaxWorkingSetSize  = 12713.12 MB
load_backend: loaded MTL backend from /opt/homebrew/Cellar/ggml/0.24.0/libexec/libggml-metal.so
load_backend: loaded CPU backend from /opt/homebrew/Cellar/ggml/0.24.0/libexec/libggml-cpu-apple_m2_m3.so
whisper_init_from_file_with_params_no_state: loading model from '/Users/p/Desktop/programming/wai/models/ggml-small.bin'
whisper_init_with_params_no_state: use gpu    = 1
whisper_init_with_params_no_state: flash attn = 1
whisper_init_with_params_no_state: gpu_device = 0
whisper_init_with_params_no_state: dtw        = 0
whisper_init_with_params_no_state: devices    = 3
whisper_init_with_params_no_state: backends   = 3
whisper_model_load: loading model
whisper_model_load: n_vocab       = 51865
whisper_model_load: n_audio_ctx   = 1500
whisper_model_load: n_audio_state = 768
whisper_model_load: n_audio_head  = 12
whisper_model_load: n_audio_layer = 12
whisper_model_load: n_text_ctx    = 448
whisper_model_load: n_text_state  = 768
whisper_model_load: n_text_head   = 12
whisper_model_load: n_text_layer  = 12
whisper_model_load: n_mels        = 80
whisper_model_load: ftype         = 1
whisper_model_load: qntvr         = 0
whisper_model_load: type          = 3 (small)
whisper_model_load: adding 1608 extra tokens
whisper_model_load: n_langs       = 99
whisper_model_load:         MTL0 total size =   487.01 MB
whisper_model_load: model size    =  487.01 MB
whisper_backend_init_gpu: device 0: BLAS (type: 3)
whisper_backend_init_gpu: device 1: MTL0 (type: 1)
whisper_backend_init_gpu: found GPU device 1: MTL0 (type: 1, cnt: 0)
whisper_backend_init_gpu: using MTL0 backend
ggml_metal_init: allocating
ggml_metal_init: found device: Apple M3
ggml_metal_init: picking default device: Apple M3
ggml_metal_init: use fusion         = true
ggml_metal_init: use concurrency    = true
ggml_metal_init: use graph optimize = true
whisper_backend_init: using BLAS backend
whisper_init_state: kv self size  =   18.87 MB
whisper_init_state: kv cross size =   56.62 MB
whisper_init_state: kv pad  size  =    4.72 MB
whisper_init_state: compute buffer (conv)   =   23.38 MB
whisper_init_state: compute buffer (encode) =   39.56 MB
whisper_init_state: compute buffer (cross)  =   79.93 MB
whisper_init_state: compute buffer (decode) =   98.21 MB

system_info: n_threads = 7 / 8 | WHISPER : VITISAI = 0 | COREML = 0 | OPENVINO = 0 | MTL : EMBED_LIBRARY = 1 | CPU : NEON = 1 | ARM_FMA = 1 | MATMUL_INT8 = 1 | DOTPROD = 1 | ACCELERATE = 1 | OPENMP = 1 | REPACK = 1 | 

operator(): processing '20260927-164436-31a6c9.wav' (3629760 samples, 226.9 sec), 7 threads, 1 processors, lang = auto, task = transcribe, timestamps = 1 ...

whisper_full_with_state: auto-detected language: ru (p = 0.980580)

whisper_print_timings:     load time =   379.14 ms
whisper_print_timings:     fallbacks =   0 p /   0 h
whisper_print_timings:      mel time =    75.49 ms
whisper_print_timings:   sample time =   763.36 ms /     1 runs (   763.36 ms per run)
whisper_print_timings:   encode time =  4648.52 ms /    11 runs (   422.59 ms per run)
whisper_print_timings:   decode time = 10579.85 ms /  1030 runs (    10.27 ms per run)
whisper_print_timings:   batchd time =     9.73 ms /     3 runs (     3.24 ms per run)
whisper_print_timings:   prompt time =   635.33 ms /  1694 runs (     0.38 ms per run)
whisper_print_timings:    total time = 445360.00 ms
ggml_metal_free: deallocating

whisper server listening at http://127.0.0.1:8178

Received request: 20260927-164436-31a6c9.wav
Successfully loaded 20260927-164436-31a6c9.wav
Running whisper.cpp inference on 20260927-164436-31a6c9.wav

Caught signal 15, shutting down gracefully...
load_backend: loaded BLAS backend from /opt/homebrew/Cellar/ggml/0.24.0/libexec/libggml-blas.so
ggml_metal_device_init: tensor API disabled for pre-M5 and pre-A19 devices
ggml_metal_library_init: using embedded metal library
ggml_metal_library_compile_all: compiled 'fa' library in 0.015 sec
ggml_metal_library_compile_all: compiled 'mul_mv' library in 0.018 sec
ggml_metal_library_compile_all: compiled 'mul_mm' library in 0.016 sec
ggml_metal_library_compile_all: compiled 'quantize' library in 0.019 sec
ggml_metal_library_compile_all: compiled 'softmax' library in 0.002 sec
ggml_metal_library_compile_all: compiled 'norm' library in 0.001 sec
ggml_metal_library_compile_all: compiled 'unary' library in 0.019 sec
ggml_metal_library_compile_all: compiled 'binbcast' library in 0.001 sec
ggml_metal_library_compile_all: compiled 'reduce' library in 0.016 sec
ggml_metal_library_compile_all: compiled 'tri' library in 0.016 sec
ggml_metal_library_compile_all: compiled 'ssm' library in 0.017 sec
ggml_metal_library_compile_all: compiled 'wkv' library in 0.015 sec
ggml_metal_library_compile_all: compiled 'gated_delta_net' library in 0.018 sec
ggml_metal_library_compile_all: compiled 'solve_tri' library in 0.018 sec
ggml_metal_library_compile_all: compiled 'rope' library in 0.018 sec
ggml_metal_library_compile_all: compiled 'conv' library in 0.018 sec
ggml_metal_library_compile_all: compiled 'upscale' library in 0.017 sec
ggml_metal_library_compile_all: compiled 'argsort' library in 0.017 sec
ggml_metal_library_compile_all: compiled 'pool' library in 0.018 sec
ggml_metal_library_compile_all: compiled 'misc' library in 0.017 sec
ggml_metal_library_compile_all: loaded 20 libraries from embedded data in 0.019 sec (max single = 0.019 sec)
ggml_metal_rsets_init: creating a residency set collection (keep_alive = 180 s)
ggml_metal_device_init: GPU name:   MTL0 (Apple M3)
ggml_metal_device_init: GPU family: MTLGPUFamilyApple9  (1009)
ggml_metal_device_init: GPU family: MTLGPUFamilyCommon3 (3003)
ggml_metal_device_init: GPU family: MTLGPUFamilyMetal4  (5002)
ggml_metal_device_init: simdgroup reduction   = true
ggml_metal_device_init: simdgroup matrix mul. = true
ggml_metal_device_init: has unified memory    = true
ggml_metal_device_init: has bfloat            = true
ggml_metal_device_init: has tensor            = false
ggml_metal_device_init: use residency sets    = true
ggml_metal_device_init: use shared buffers    = true
ggml_metal_device_init: recommendedMaxWorkingSetSize  = 12713.12 MB
load_backend: loaded MTL backend from /opt/homebrew/Cellar/ggml/0.24.0/libexec/libggml-metal.so
load_backend: loaded CPU backend from /opt/homebrew/Cellar/ggml/0.24.0/libexec/libggml-cpu-apple_m2_m3.so
whisper_init_from_file_with_params_no_state: loading model from '/Users/p/Desktop/programming/wai/models/ggml-large-v3-turbo-q5_0.bin'
whisper_init_with_params_no_state: use gpu    = 1
whisper_init_with_params_no_state: flash attn = 1
whisper_init_with_params_no_state: gpu_device = 0
whisper_init_with_params_no_state: dtw        = 0
whisper_init_with_params_no_state: devices    = 3
whisper_init_with_params_no_state: backends   = 3
whisper_model_load: loading model
whisper_model_load: n_vocab       = 51866
whisper_model_load: n_audio_ctx   = 1500
whisper_model_load: n_audio_state = 1280
whisper_model_load: n_audio_head  = 20
whisper_model_load: n_audio_layer = 32
whisper_model_load: n_text_ctx    = 448
whisper_model_load: n_text_state  = 1280
whisper_model_load: n_text_head   = 20
whisper_model_load: n_text_layer  = 4
whisper_model_load: n_mels        = 128
whisper_model_load: ftype         = 8
whisper_model_load: qntvr         = 2
whisper_model_load: type          = 5 (large v3)
whisper_model_load: adding 1609 extra tokens
whisper_model_load: n_langs       = 100
whisper_model_load:         MTL0 total size =   573.40 MB
whisper_model_load: model size    =  573.40 MB
whisper_backend_init_gpu: device 0: BLAS (type: 3)
whisper_backend_init_gpu: device 1: MTL0 (type: 1)
whisper_backend_init_gpu: found GPU device 1: MTL0 (type: 1, cnt: 0)
whisper_backend_init_gpu: using MTL0 backend
ggml_metal_init: allocating
ggml_metal_init: found device: Apple M3
ggml_metal_init: picking default device: Apple M3
ggml_metal_init: use fusion         = true
ggml_metal_init: use concurrency    = true
ggml_metal_init: use graph optimize = true
whisper_backend_init: using BLAS backend
whisper_init_state: kv self size  =   10.49 MB
whisper_init_state: kv cross size =   31.46 MB
whisper_init_state: kv pad  size  =    7.86 MB
whisper_init_state: compute buffer (conv)   =   37.69 MB
whisper_init_state: compute buffer (encode) =   67.49 MB
whisper_init_state: compute buffer (cross)  =   63.03 MB
whisper_init_state: compute buffer (decode) =  100.04 MB

whisper_print_timings:     load time =   370.36 ms
whisper_print_timings:     fallbacks =   0 p /   0 h
whisper_print_timings:      mel time =     0.00 ms
whisper_print_timings:   sample time =     0.00 ms /     1 runs (     0.00 ms per run)
whisper_print_timings:   encode time =     0.00 ms /     1 runs (     0.00 ms per run)
whisper_print_timings:   decode time =     0.00 ms /     1 runs (     0.00 ms per run)
whisper_print_timings:   batchd time =     0.00 ms /     1 runs (     0.00 ms per run)
whisper_print_timings:   prompt time =     0.00 ms /     1 runs (     0.00 ms per run)
whisper_print_timings:    total time = 39741.62 ms
ggml_metal_free: deallocating

whisper server listening at http://127.0.0.1:8178


Caught signal 15, shutting down gracefully...
load_backend: loaded BLAS backend from /opt/homebrew/Cellar/ggml/0.24.0/libexec/libggml-blas.so
ggml_metal_device_init: tensor API disabled for pre-M5 and pre-A19 devices
ggml_metal_library_init: using embedded metal library
ggml_metal_library_compile_all: compiled 'fa' library in 0.020 sec
ggml_metal_library_compile_all: compiled 'mul_mv' library in 0.005 sec
ggml_metal_library_compile_all: compiled 'mul_mm' library in 0.003 sec
ggml_metal_library_compile_all: compiled 'quantize' library in 0.002 sec
ggml_metal_library_compile_all: compiled 'softmax' library in 0.001 sec
ggml_metal_library_compile_all: compiled 'norm' library in 0.003 sec
ggml_metal_library_compile_all: compiled 'unary' library in 0.003 sec
ggml_metal_library_compile_all: compiled 'binbcast' library in 0.003 sec
ggml_metal_library_compile_all: compiled 'reduce' library in 0.020 sec
ggml_metal_library_compile_all: compiled 'tri' library in 0.020 sec
ggml_metal_library_compile_all: compiled 'ssm' library in 0.020 sec
ggml_metal_library_compile_all: compiled 'wkv' library in 0.019 sec
ggml_metal_library_compile_all: compiled 'gated_delta_net' library in 0.019 sec
ggml_metal_library_compile_all: compiled 'solve_tri' library in 0.019 sec
ggml_metal_library_compile_all: compiled 'rope' library in 0.019 sec
ggml_metal_library_compile_all: compiled 'conv' library in 0.019 sec
ggml_metal_library_compile_all: compiled 'upscale' library in 0.019 sec
ggml_metal_library_compile_all: compiled 'argsort' library in 0.019 sec
ggml_metal_library_compile_all: compiled 'pool' library in 0.005 sec
ggml_metal_library_compile_all: compiled 'misc' library in 0.005 sec
ggml_metal_library_compile_all: loaded 20 libraries from embedded data in 0.020 sec (max single = 0.020 sec)
ggml_metal_rsets_init: creating a residency set collection (keep_alive = 180 s)
ggml_metal_device_init: GPU name:   MTL0 (Apple M3)
ggml_metal_device_init: GPU family: MTLGPUFamilyApple9  (1009)
ggml_metal_device_init: GPU family: MTLGPUFamilyCommon3 (3003)
ggml_metal_device_init: GPU family: MTLGPUFamilyMetal4  (5002)
ggml_metal_device_init: simdgroup reduction   = true
ggml_metal_device_init: simdgroup matrix mul. = true
ggml_metal_device_init: has unified memory    = true
ggml_metal_device_init: has bfloat            = true
ggml_metal_device_init: has tensor            = false
ggml_metal_device_init: use residency sets    = true
ggml_metal_device_init: use shared buffers    = true
ggml_metal_device_init: recommendedMaxWorkingSetSize  = 12713.12 MB
load_backend: loaded MTL backend from /opt/homebrew/Cellar/ggml/0.24.0/libexec/libggml-metal.so
load_backend: loaded CPU backend from /opt/homebrew/Cellar/ggml/0.24.0/libexec/libggml-cpu-apple_m2_m3.so
whisper_init_from_file_with_params_no_state: loading model from '/Users/p/Desktop/programming/wai/models/ggml-russian-large-v3-turbo.bin'
whisper_init_with_params_no_state: use gpu    = 1
whisper_init_with_params_no_state: flash attn = 1
whisper_init_with_params_no_state: gpu_device = 0
whisper_init_with_params_no_state: dtw        = 0
whisper_init_with_params_no_state: devices    = 3
whisper_init_with_params_no_state: backends   = 3
whisper_model_load: loading model
whisper_model_load: n_vocab       = 51866
whisper_model_load: n_audio_ctx   = 1500
whisper_model_load: n_audio_state = 1280
whisper_model_load: n_audio_head  = 20
whisper_model_load: n_audio_layer = 32
whisper_model_load: n_text_ctx    = 448
whisper_model_load: n_text_state  = 1280
whisper_model_load: n_text_head   = 20
whisper_model_load: n_text_layer  = 4
whisper_model_load: n_mels        = 128
whisper_model_load: ftype         = 8
whisper_model_load: qntvr         = 2
whisper_model_load: type          = 5 (large v3)
whisper_model_load: adding 1609 extra tokens
whisper_model_load: n_langs       = 100
whisper_model_load:         MTL0 total size =   573.40 MB
whisper_model_load: model size    =  573.40 MB
whisper_backend_init_gpu: device 0: BLAS (type: 3)
whisper_backend_init_gpu: device 1: MTL0 (type: 1)
whisper_backend_init_gpu: found GPU device 1: MTL0 (type: 1, cnt: 0)
whisper_backend_init_gpu: using MTL0 backend
ggml_metal_init: allocating
ggml_metal_init: found device: Apple M3
ggml_metal_init: picking default device: Apple M3
ggml_metal_init: use fusion         = true
ggml_metal_init: use concurrency    = true
ggml_metal_init: use graph optimize = true
whisper_backend_init: using BLAS backend
whisper_init_state: kv self size  =   10.49 MB
whisper_init_state: kv cross size =   31.46 MB
whisper_init_state: kv pad  size  =    7.86 MB
whisper_init_state: compute buffer (conv)   =   37.69 MB
whisper_init_state: compute buffer (encode) =   67.49 MB
whisper_init_state: compute buffer (cross)  =   63.03 MB
whisper_init_state: compute buffer (decode) =  100.04 MB

whisper_print_timings:     load time =   838.59 ms
whisper_print_timings:     fallbacks =   0 p /   0 h
whisper_print_timings:      mel time =     0.00 ms
whisper_print_timings:   sample time =     0.00 ms /     1 runs (     0.00 ms per run)
whisper_print_timings:   encode time =     0.00 ms /     1 runs (     0.00 ms per run)
whisper_print_timings:   decode time =     0.00 ms /     1 runs (     0.00 ms per run)
whisper_print_timings:   batchd time =     0.00 ms /     1 runs (     0.00 ms per run)
whisper_print_timings:   prompt time =     0.00 ms /     1 runs (     0.00 ms per run)
whisper_print_timings:    total time = 125378.02 ms
ggml_metal_free: deallocating

whisper server listening at http://127.0.0.1:8178


Caught signal 15, shutting down gracefully...
load_backend: loaded BLAS backend from /opt/homebrew/Cellar/ggml/0.24.0/libexec/libggml-blas.so
ggml_metal_device_init: tensor API disabled for pre-M5 and pre-A19 devices
ggml_metal_library_init: using embedded metal library
ggml_metal_library_compile_all: compiled 'fa' library in 0.019 sec
ggml_metal_library_compile_all: compiled 'mul_mv' library in 0.005 sec
ggml_metal_library_compile_all: compiled 'mul_mm' library in 0.004 sec
ggml_metal_library_compile_all: compiled 'quantize' library in 0.019 sec
ggml_metal_library_compile_all: compiled 'softmax' library in 0.002 sec
ggml_metal_library_compile_all: compiled 'norm' library in 0.001 sec
ggml_metal_library_compile_all: compiled 'unary' library in 0.003 sec
ggml_metal_library_compile_all: compiled 'binbcast' library in 0.001 sec
ggml_metal_library_compile_all: compiled 'reduce' library in 0.019 sec
ggml_metal_library_compile_all: compiled 'tri' library in 0.018 sec
ggml_metal_library_compile_all: compiled 'ssm' library in 0.018 sec
ggml_metal_library_compile_all: compiled 'wkv' library in 0.003 sec
ggml_metal_library_compile_all: compiled 'gated_delta_net' library in 0.003 sec
ggml_metal_library_compile_all: compiled 'solve_tri' library in 0.000 sec
ggml_metal_library_compile_all: compiled 'rope' library in 0.000 sec
ggml_metal_library_compile_all: compiled 'conv' library in 0.000 sec
ggml_metal_library_compile_all: compiled 'upscale' library in 0.000 sec
ggml_metal_library_compile_all: compiled 'argsort' library in 0.000 sec
ggml_metal_library_compile_all: compiled 'pool' library in 0.000 sec
ggml_metal_library_compile_all: compiled 'misc' library in 0.000 sec
ggml_metal_library_compile_all: loaded 20 libraries from embedded data in 0.019 sec (max single = 0.019 sec)
ggml_metal_rsets_init: creating a residency set collection (keep_alive = 180 s)
ggml_metal_device_init: GPU name:   MTL0 (Apple M3)
ggml_metal_device_init: GPU family: MTLGPUFamilyApple9  (1009)
ggml_metal_device_init: GPU family: MTLGPUFamilyCommon3 (3003)
ggml_metal_device_init: GPU family: MTLGPUFamilyMetal4  (5002)
ggml_metal_device_init: simdgroup reduction   = true
ggml_metal_device_init: simdgroup matrix mul. = true
ggml_metal_device_init: has unified memory    = true
ggml_metal_device_init: has bfloat            = true
ggml_metal_device_init: has tensor            = false
ggml_metal_device_init: use residency sets    = true
ggml_metal_device_init: use shared buffers    = true
ggml_metal_device_init: recommendedMaxWorkingSetSize  = 12713.12 MB
load_backend: loaded MTL backend from /opt/homebrew/Cellar/ggml/0.24.0/libexec/libggml-metal.so
load_backend: loaded CPU backend from /opt/homebrew/Cellar/ggml/0.24.0/libexec/libggml-cpu-apple_m2_m3.so
whisper_init_from_file_with_params_no_state: loading model from '/Users/p/Desktop/programming/wai/models/ggml-large-v3-turbo-q5_0.bin'
whisper_init_with_params_no_state: use gpu    = 1
whisper_init_with_params_no_state: flash attn = 1
whisper_init_with_params_no_state: gpu_device = 0
whisper_init_with_params_no_state: dtw        = 0
whisper_init_with_params_no_state: devices    = 3
whisper_init_with_params_no_state: backends   = 3
whisper_model_load: loading model
whisper_model_load: n_vocab       = 51866
whisper_model_load: n_audio_ctx   = 1500
whisper_model_load: n_audio_state = 1280
whisper_model_load: n_audio_head  = 20
whisper_model_load: n_audio_layer = 32
whisper_model_load: n_text_ctx    = 448
whisper_model_load: n_text_state  = 1280
whisper_model_load: n_text_head   = 20
whisper_model_load: n_text_layer  = 4
whisper_model_load: n_mels        = 128
whisper_model_load: ftype         = 8
whisper_model_load: qntvr         = 2
whisper_model_load: type          = 5 (large v3)
whisper_model_load: adding 1609 extra tokens
whisper_model_load: n_langs       = 100
whisper_model_load:         MTL0 total size =   573.40 MB
whisper_model_load: model size    =  573.40 MB
whisper_backend_init_gpu: device 0: BLAS (type: 3)
whisper_backend_init_gpu: device 1: MTL0 (type: 1)
whisper_backend_init_gpu: found GPU device 1: MTL0 (type: 1, cnt: 0)
whisper_backend_init_gpu: using MTL0 backend
ggml_metal_init: allocating
ggml_metal_init: found device: Apple M3
ggml_metal_init: picking default device: Apple M3
ggml_metal_init: use fusion         = true
ggml_metal_init: use concurrency    = true
ggml_metal_init: use graph optimize = true
whisper_backend_init: using BLAS backend
whisper_init_state: kv self size  =   10.49 MB
whisper_init_state: kv cross size =   31.46 MB
whisper_init_state: kv pad  size  =    7.86 MB
whisper_init_state: compute buffer (conv)   =   37.69 MB
whisper_init_state: compute buffer (encode) =   67.49 MB
whisper_init_state: compute buffer (cross)  =   63.03 MB
whisper_init_state: compute buffer (decode) =  100.04 MB

whisper_print_timings:     load time =   310.08 ms
whisper_print_timings:     fallbacks =   0 p /   0 h
whisper_print_timings:      mel time =     0.00 ms
whisper_print_timings:   sample time =     0.00 ms /     1 runs (     0.00 ms per run)
whisper_print_timings:   encode time =     0.00 ms /     1 runs (     0.00 ms per run)
whisper_print_timings:   decode time =     0.00 ms /     1 runs (     0.00 ms per run)
whisper_print_timings:   batchd time =     0.00 ms /     1 runs (     0.00 ms per run)
whisper_print_timings:   prompt time =     0.00 ms /     1 runs (     0.00 ms per run)
whisper_print_timings:    total time =  4052.85 ms
ggml_metal_free: deallocating

whisper server listening at http://127.0.0.1:8178


Caught signal 15, shutting down gracefully...
load_backend: loaded BLAS backend from /opt/homebrew/Cellar/ggml/0.24.0/libexec/libggml-blas.so
ggml_metal_device_init: tensor API disabled for pre-M5 and pre-A19 devices
ggml_metal_library_init: using embedded metal library
ggml_metal_library_compile_all: compiled 'fa' library in 0.014 sec
ggml_metal_library_compile_all: compiled 'mul_mv' library in 0.017 sec
ggml_metal_library_compile_all: compiled 'mul_mm' library in 0.015 sec
ggml_metal_library_compile_all: compiled 'quantize' library in 0.017 sec
ggml_metal_library_compile_all: compiled 'softmax' library in 0.001 sec
ggml_metal_library_compile_all: compiled 'norm' library in 0.017 sec
ggml_metal_library_compile_all: compiled 'unary' library in 0.001 sec
ggml_metal_library_compile_all: compiled 'binbcast' library in 0.001 sec
ggml_metal_library_compile_all: compiled 'reduce' library in 0.015 sec
ggml_metal_library_compile_all: compiled 'tri' library in 0.015 sec
ggml_metal_library_compile_all: compiled 'ssm' library in 0.015 sec
ggml_metal_library_compile_all: compiled 'wkv' library in 0.016 sec
ggml_metal_library_compile_all: compiled 'gated_delta_net' library in 0.017 sec
ggml_metal_library_compile_all: compiled 'solve_tri' library in 0.017 sec
ggml_metal_library_compile_all: compiled 'rope' library in 0.017 sec
ggml_metal_library_compile_all: compiled 'conv' library in 0.017 sec
ggml_metal_library_compile_all: compiled 'upscale' library in 0.016 sec
ggml_metal_library_compile_all: compiled 'argsort' library in 0.016 sec
ggml_metal_library_compile_all: compiled 'pool' library in 0.017 sec
ggml_metal_library_compile_all: compiled 'misc' library in 0.016 sec
ggml_metal_library_compile_all: loaded 20 libraries from embedded data in 0.018 sec (max single = 0.017 sec)
ggml_metal_rsets_init: creating a residency set collection (keep_alive = 180 s)
ggml_metal_device_init: GPU name:   MTL0 (Apple M3)
ggml_metal_device_init: GPU family: MTLGPUFamilyApple9  (1009)
ggml_metal_device_init: GPU family: MTLGPUFamilyCommon3 (3003)
ggml_metal_device_init: GPU family: MTLGPUFamilyMetal4  (5002)
ggml_metal_device_init: simdgroup reduction   = true
ggml_metal_device_init: simdgroup matrix mul. = true
ggml_metal_device_init: has unified memory    = true
ggml_metal_device_init: has bfloat            = true
ggml_metal_device_init: has tensor            = false
ggml_metal_device_init: use residency sets    = true
ggml_metal_device_init: use shared buffers    = true
ggml_metal_device_init: recommendedMaxWorkingSetSize  = 12713.12 MB
load_backend: loaded MTL backend from /opt/homebrew/Cellar/ggml/0.24.0/libexec/libggml-metal.so
load_backend: loaded CPU backend from /opt/homebrew/Cellar/ggml/0.24.0/libexec/libggml-cpu-apple_m2_m3.so
whisper_init_from_file_with_params_no_state: loading model from '/Users/p/Desktop/programming/wai/models/ggml-russian-large-v3-turbo.bin'
whisper_init_with_params_no_state: use gpu    = 1
whisper_init_with_params_no_state: flash attn = 1
whisper_init_with_params_no_state: gpu_device = 0
whisper_init_with_params_no_state: dtw        = 0
whisper_init_with_params_no_state: devices    = 3
whisper_init_with_params_no_state: backends   = 3
whisper_model_load: loading model
whisper_model_load: n_vocab       = 51866
whisper_model_load: n_audio_ctx   = 1500
whisper_model_load: n_audio_state = 1280
whisper_model_load: n_audio_head  = 20
whisper_model_load: n_audio_layer = 32
whisper_model_load: n_text_ctx    = 448
whisper_model_load: n_text_state  = 1280
whisper_model_load: n_text_head   = 20
whisper_model_load: n_text_layer  = 4
whisper_model_load: n_mels        = 128
whisper_model_load: ftype         = 8
whisper_model_load: qntvr         = 2
whisper_model_load: type          = 5 (large v3)
whisper_model_load: adding 1609 extra tokens
whisper_model_load: n_langs       = 100
whisper_model_load:         MTL0 total size =   573.40 MB
whisper_model_load: model size    =  573.40 MB
whisper_backend_init_gpu: device 0: BLAS (type: 3)
whisper_backend_init_gpu: device 1: MTL0 (type: 1)
whisper_backend_init_gpu: found GPU device 1: MTL0 (type: 1, cnt: 0)
whisper_backend_init_gpu: using MTL0 backend
ggml_metal_init: allocating
ggml_metal_init: found device: Apple M3
ggml_metal_init: picking default device: Apple M3
ggml_metal_init: use fusion         = true
ggml_metal_init: use concurrency    = true
ggml_metal_init: use graph optimize = true
whisper_backend_init: using BLAS backend
whisper_init_state: kv self size  =   10.49 MB
whisper_init_state: kv cross size =   31.46 MB
whisper_init_state: kv pad  size  =    7.86 MB
whisper_init_state: compute buffer (conv)   =   37.69 MB
whisper_init_state: compute buffer (encode) =   67.49 MB
whisper_init_state: compute buffer (cross)  =   63.03 MB
whisper_init_state: compute buffer (decode) =  100.04 MB

system_info: n_threads = 7 / 8 | WHISPER : VITISAI = 0 | COREML = 0 | OPENVINO = 0 | MTL : EMBED_LIBRARY = 1 | CPU : NEON = 1 | ARM_FMA = 1 | MATMUL_INT8 = 1 | DOTPROD = 1 | ACCELERATE = 1 | OPENMP = 1 | REPACK = 1 | 

operator(): processing '20260927-165409-077f04.wav' (2280960 samples, 142.6 sec), 7 threads, 1 processors, lang = auto, task = transcribe, timestamps = 1 ...

whisper_full_with_state: auto-detected language: ru (p = 0.591583)

whisper_print_timings:     load time =   313.73 ms
whisper_print_timings:     fallbacks =   3 p /   0 h
whisper_print_timings:      mel time =    63.24 ms
whisper_print_timings:   sample time =   924.76 ms /     1 runs (   924.76 ms per run)
whisper_print_timings:   encode time = 19763.77 ms /     8 runs (  2470.47 ms per run)
whisper_print_timings:   decode time =  4227.07 ms /   751 runs (     5.63 ms per run)
whisper_print_timings:   batchd time =  3667.26 ms /   956 runs (     3.84 ms per run)
whisper_print_timings:   prompt time =   714.08 ms /  1427 runs (     0.50 ms per run)
whisper_print_timings:    total time = 1124950.38 ms
Received second interrupt, terminating immediately.

whisper server listening at http://127.0.0.1:8178

Received request: 20260927-165409-077f04.wav
Successfully loaded 20260927-165409-077f04.wav
Running whisper.cpp inference on 20260927-165409-077f04.wav

Caught signal 2, shutting down gracefully...
src/ggml-metal/ggml-metal-device.m:1025: GGML_ASSERT([rsets->data count] == 0) failed
WARNING: Using native backtrace. Set GGML_BACKTRACE_LLDB for more info.
WARNING: GGML_BACKTRACE_LLDB may cause native MacOS Terminal.app to crash.
See: https://github.com/ggml-org/llama.cpp/pull/17869
0   libggml-base.0.24.0.dylib           0x0000000104bc9818 ggml_print_backtrace + 276
1   libggml-base.0.24.0.dylib           0x0000000104c0dd04 ggml_abort + 156
2   libggml-metal.so                    0x0000000109aca1e8 ggml_metal_device_id_token + 0
3   libggml-metal.so                    0x0000000109aca99c ggml_metal_device_free + 40
4   libggml-metal.so                    0x0000000109ad30b4 _ZNSt3__110unique_ptrI17ggml_metal_device25ggml_metal_device_deleterE5resetB9nqe210106EPS1_ + 28
5   libggml-metal.so                    0x0000000109acc3c8 _ZNSt3__16vectorINS_10unique_ptrI17ggml_metal_device25ggml_metal_device_deleterEENS_9allocatorIS4_EEED1B9nqe210106Ev + 60
6   libsystem_c.dylib                   0x0000000190505bb0 __cxa_finalize_ranges + 436
7   libsystem_c.dylib                   0x000000019050599c exit + 44
8   whisper-server                      0x00000001049f64dc _ZN7httplib6Server13bind_internalERKNSt3__112basic_stringIcNS1_11char_traitsIcEENS1_9allocatorIcEEEEii.cold.1 + 0
9   whisper-server                      0x0000000104981ae0 _ZN12_GLOBAL__N_114signal_handlerEi + 80
10  libsystem_platform.dylib            0x0000000190660144 _sigtramp + 56
11  libsystem_kernel.dylib              0x00000001906127e0 mach_vm_deallocate + 60
12  libggml-metal.so                    0x0000000109acb9ec ggml_metal_buffer_free + 168
13  libggml-base.0.24.0.dylib           0x0000000104bda664 ggml_backend_buffer_free + 36
14  libwhisper.1.9.4.dylib              0x0000000104ae98bc whisper_free + 68
15  whisper-server                      0x00000001049803d4 main + 9332
16  dyld                                0x000000019027fe80 start + 6688
load_backend: loaded BLAS backend from /opt/homebrew/Cellar/ggml/0.24.0/libexec/libggml-blas.so
ggml_metal_device_init: tensor API disabled for pre-M5 and pre-A19 devices
ggml_metal_library_init: using embedded metal library
ggml_metal_library_compile_all: compiled 'fa' library in 0.015 sec
ggml_metal_library_compile_all: compiled 'mul_mv' library in 0.018 sec
ggml_metal_library_compile_all: compiled 'mul_mm' library in 0.016 sec
ggml_metal_library_compile_all: compiled 'quantize' library in 0.018 sec
ggml_metal_library_compile_all: compiled 'softmax' library in 0.002 sec
ggml_metal_library_compile_all: compiled 'norm' library in 0.018 sec
ggml_metal_library_compile_all: compiled 'unary' library in 0.002 sec
ggml_metal_library_compile_all: compiled 'binbcast' library in 0.002 sec
ggml_metal_library_compile_all: compiled 'reduce' library in 0.016 sec
ggml_metal_library_compile_all: compiled 'tri' library in 0.015 sec
ggml_metal_library_compile_all: compiled 'ssm' library in 0.015 sec
ggml_metal_library_compile_all: compiled 'wkv' library in 0.017 sec
ggml_metal_library_compile_all: compiled 'gated_delta_net' library in 0.018 sec
ggml_metal_library_compile_all: compiled 'solve_tri' library in 0.018 sec
ggml_metal_library_compile_all: compiled 'rope' library in 0.018 sec
ggml_metal_library_compile_all: compiled 'conv' library in 0.017 sec
ggml_metal_library_compile_all: compiled 'upscale' library in 0.018 sec
ggml_metal_library_compile_all: compiled 'argsort' library in 0.017 sec
ggml_metal_library_compile_all: compiled 'pool' library in 0.018 sec
ggml_metal_library_compile_all: compiled 'misc' library in 0.017 sec
ggml_metal_library_compile_all: loaded 20 libraries from embedded data in 0.019 sec (max single = 0.018 sec)
ggml_metal_rsets_init: creating a residency set collection (keep_alive = 180 s)
ggml_metal_device_init: GPU name:   MTL0 (Apple M3)
ggml_metal_device_init: GPU family: MTLGPUFamilyApple9  (1009)
ggml_metal_device_init: GPU family: MTLGPUFamilyCommon3 (3003)
ggml_metal_device_init: GPU family: MTLGPUFamilyMetal4  (5002)
ggml_metal_device_init: simdgroup reduction   = true
ggml_metal_device_init: simdgroup matrix mul. = true
ggml_metal_device_init: has unified memory    = true
ggml_metal_device_init: has bfloat            = true
ggml_metal_device_init: has tensor            = false
ggml_metal_device_init: use residency sets    = true
ggml_metal_device_init: use shared buffers    = true
ggml_metal_device_init: recommendedMaxWorkingSetSize  = 12713.12 MB
load_backend: loaded MTL backend from /opt/homebrew/Cellar/ggml/0.24.0/libexec/libggml-metal.so
load_backend: loaded CPU backend from /opt/homebrew/Cellar/ggml/0.24.0/libexec/libggml-cpu-apple_m2_m3.so
whisper_init_from_file_with_params_no_state: loading model from '/Users/p/Desktop/programming/wai/models/ggml-russian-large-v3-turbo.bin'
whisper_init_with_params_no_state: use gpu    = 1
whisper_init_with_params_no_state: flash attn = 1
whisper_init_with_params_no_state: gpu_device = 0
whisper_init_with_params_no_state: dtw        = 0
whisper_init_with_params_no_state: devices    = 3
whisper_init_with_params_no_state: backends   = 3
whisper_model_load: loading model
whisper_model_load: n_vocab       = 51866
whisper_model_load: n_audio_ctx   = 1500
whisper_model_load: n_audio_state = 1280
whisper_model_load: n_audio_head  = 20
whisper_model_load: n_audio_layer = 32
whisper_model_load: n_text_ctx    = 448
whisper_model_load: n_text_state  = 1280
whisper_model_load: n_text_head   = 20
whisper_model_load: n_text_layer  = 4
whisper_model_load: n_mels        = 128
whisper_model_load: ftype         = 8
whisper_model_load: qntvr         = 2
whisper_model_load: type          = 5 (large v3)
whisper_model_load: adding 1609 extra tokens
whisper_model_load: n_langs       = 100
whisper_model_load:         MTL0 total size =   573.40 MB
whisper_model_load: model size    =  573.40 MB
whisper_backend_init_gpu: device 0: BLAS (type: 3)
whisper_backend_init_gpu: device 1: MTL0 (type: 1)
whisper_backend_init_gpu: found GPU device 1: MTL0 (type: 1, cnt: 0)
whisper_backend_init_gpu: using MTL0 backend
ggml_metal_init: allocating
ggml_metal_init: found device: Apple M3
ggml_metal_init: picking default device: Apple M3
ggml_metal_init: use fusion         = true
ggml_metal_init: use concurrency    = true
ggml_metal_init: use graph optimize = true
whisper_backend_init: using BLAS backend
whisper_init_state: kv self size  =   10.49 MB
whisper_init_state: kv cross size =   31.46 MB
whisper_init_state: kv pad  size  =    7.86 MB
whisper_init_state: compute buffer (conv)   =   37.69 MB
whisper_init_state: compute buffer (encode) =   67.49 MB
whisper_init_state: compute buffer (cross)  =   63.03 MB
whisper_init_state: compute buffer (decode) =  100.04 MB

whisper_print_timings:     load time =   293.29 ms
whisper_print_timings:     fallbacks =   0 p /   0 h
whisper_print_timings:      mel time =     0.00 ms
whisper_print_timings:   sample time =     0.00 ms /     1 runs (     0.00 ms per run)
whisper_print_timings:   encode time =     0.00 ms /     1 runs (     0.00 ms per run)
whisper_print_timings:   decode time =     0.00 ms /     1 runs (     0.00 ms per run)
whisper_print_timings:   batchd time =     0.00 ms /     1 runs (     0.00 ms per run)
whisper_print_timings:   prompt time =     0.00 ms /     1 runs (     0.00 ms per run)
whisper_print_timings:    total time = 40934.18 ms
Received second interrupt, terminating immediately.

whisper server listening at http://127.0.0.1:8178


Caught signal 2, shutting down gracefully...
src/ggml-metal/ggml-metal-device.m:1025: GGML_ASSERT([rsets->data count] == 0) failed
WARNING: Using native backtrace. Set GGML_BACKTRACE_LLDB for more info.
WARNING: GGML_BACKTRACE_LLDB may cause native MacOS Terminal.app to crash.
See: https://github.com/ggml-org/llama.cpp/pull/17869
0   libggml-base.0.24.0.dylib           0x00000001029c1818 ggml_print_backtrace + 276
1   libggml-base.0.24.0.dylib           0x0000000102a05d04 ggml_abort + 156
2   libggml-metal.so                    0x00000001077a21e8 ggml_metal_device_id_token + 0
3   libggml-metal.so                    0x00000001077a299c ggml_metal_device_free + 40
4   libggml-metal.so                    0x00000001077ab0b4 _ZNSt3__110unique_ptrI17ggml_metal_device25ggml_metal_device_deleterE5resetB9nqe210106EPS1_ + 28
5   libggml-metal.so                    0x00000001077a43c8 _ZNSt3__16vectorINS_10unique_ptrI17ggml_metal_device25ggml_metal_device_deleterEENS_9allocatorIS4_EEED1B9nqe210106Ev + 60
6   libsystem_c.dylib                   0x0000000190505bb0 __cxa_finalize_ranges + 436
7   libsystem_c.dylib                   0x000000019050599c exit + 44
8   whisper-server                      0x00000001027ee4dc _ZN7httplib6Server13bind_internalERKNSt3__112basic_stringIcNS1_11char_traitsIcEENS1_9allocatorIcEEEEii.cold.1 + 0
9   whisper-server                      0x0000000102779ae0 _ZN12_GLOBAL__N_114signal_handlerEi + 80
10  libsystem_platform.dylib            0x0000000190660144 _sigtramp + 56
11  libsystem_kernel.dylib              0x00000001906127e0 mach_vm_deallocate + 60
12  libggml-metal.so                    0x00000001077a39ec ggml_metal_buffer_free + 168
13  libggml-base.0.24.0.dylib           0x00000001029d2664 ggml_backend_buffer_free + 36
14  libwhisper.1.9.4.dylib              0x00000001028e18bc whisper_free + 68
15  whisper-server                      0x00000001027783d4 main + 9332
16  dyld                                0x000000019027fe80 start + 6688
load_backend: loaded BLAS backend from /opt/homebrew/Cellar/ggml/0.24.0/libexec/libggml-blas.so
ggml_metal_device_init: tensor API disabled for pre-M5 and pre-A19 devices
ggml_metal_library_init: using embedded metal library
ggml_metal_library_compile_all: compiled 'fa' library in 0.015 sec
ggml_metal_library_compile_all: compiled 'mul_mv' library in 0.018 sec
ggml_metal_library_compile_all: compiled 'mul_mm' library in 0.016 sec
ggml_metal_library_compile_all: compiled 'quantize' library in 0.002 sec
ggml_metal_library_compile_all: compiled 'softmax' library in 0.001 sec
ggml_metal_library_compile_all: compiled 'norm' library in 0.018 sec
ggml_metal_library_compile_all: compiled 'unary' library in 0.018 sec
ggml_metal_library_compile_all: compiled 'binbcast' library in 0.017 sec
ggml_metal_library_compile_all: compiled 'reduce' library in 0.002 sec
ggml_metal_library_compile_all: compiled 'tri' library in 0.014 sec
ggml_metal_library_compile_all: compiled 'ssm' library in 0.017 sec
ggml_metal_library_compile_all: compiled 'wkv' library in 0.017 sec
ggml_metal_library_compile_all: compiled 'gated_delta_net' library in 0.017 sec
ggml_metal_library_compile_all: compiled 'solve_tri' library in 0.017 sec
ggml_metal_library_compile_all: compiled 'rope' library in 0.000 sec
ggml_metal_library_compile_all: compiled 'conv' library in 0.017 sec
ggml_metal_library_compile_all: compiled 'upscale' library in 0.017 sec
ggml_metal_library_compile_all: compiled 'argsort' library in 0.017 sec
ggml_metal_library_compile_all: compiled 'pool' library in 0.000 sec
ggml_metal_library_compile_all: compiled 'misc' library in 0.016 sec
ggml_metal_library_compile_all: loaded 20 libraries from embedded data in 0.018 sec (max single = 0.018 sec)
ggml_metal_rsets_init: creating a residency set collection (keep_alive = 180 s)
ggml_metal_device_init: GPU name:   MTL0 (Apple M3)
ggml_metal_device_init: GPU family: MTLGPUFamilyApple9  (1009)
ggml_metal_device_init: GPU family: MTLGPUFamilyCommon3 (3003)
ggml_metal_device_init: GPU family: MTLGPUFamilyMetal4  (5002)
ggml_metal_device_init: simdgroup reduction   = true
ggml_metal_device_init: simdgroup matrix mul. = true
ggml_metal_device_init: has unified memory    = true
ggml_metal_device_init: has bfloat            = true
ggml_metal_device_init: has tensor            = false
ggml_metal_device_init: use residency sets    = true
ggml_metal_device_init: use shared buffers    = true
ggml_metal_device_init: recommendedMaxWorkingSetSize  = 12713.12 MB
load_backend: loaded MTL backend from /opt/homebrew/Cellar/ggml/0.24.0/libexec/libggml-metal.so
load_backend: loaded CPU backend from /opt/homebrew/Cellar/ggml/0.24.0/libexec/libggml-cpu-apple_m2_m3.so
whisper_init_from_file_with_params_no_state: loading model from '/Users/p/Desktop/programming/wai/models/ggml-russian-large-v3-turbo.bin'
whisper_init_with_params_no_state: use gpu    = 1
whisper_init_with_params_no_state: flash attn = 1
whisper_init_with_params_no_state: gpu_device = 0
whisper_init_with_params_no_state: dtw        = 0
whisper_init_with_params_no_state: devices    = 3
whisper_init_with_params_no_state: backends   = 3
whisper_model_load: loading model
whisper_model_load: n_vocab       = 51866
whisper_model_load: n_audio_ctx   = 1500
whisper_model_load: n_audio_state = 1280
whisper_model_load: n_audio_head  = 20
whisper_model_load: n_audio_layer = 32
whisper_model_load: n_text_ctx    = 448
whisper_model_load: n_text_state  = 1280
whisper_model_load: n_text_head   = 20
whisper_model_load: n_text_layer  = 4
whisper_model_load: n_mels        = 128
whisper_model_load: ftype         = 8
whisper_model_load: qntvr         = 2
whisper_model_load: type          = 5 (large v3)
whisper_model_load: adding 1609 extra tokens
whisper_model_load: n_langs       = 100
whisper_model_load:         MTL0 total size =   573.40 MB
whisper_model_load: model size    =  573.40 MB
whisper_backend_init_gpu: device 0: BLAS (type: 3)
whisper_backend_init_gpu: device 1: MTL0 (type: 1)
whisper_backend_init_gpu: found GPU device 1: MTL0 (type: 1, cnt: 0)
whisper_backend_init_gpu: using MTL0 backend
ggml_metal_init: allocating
ggml_metal_init: found device: Apple M3
ggml_metal_init: picking default device: Apple M3
ggml_metal_init: use fusion         = true
ggml_metal_init: use concurrency    = true
ggml_metal_init: use graph optimize = true
whisper_backend_init: using BLAS backend
whisper_init_state: kv self size  =   10.49 MB
whisper_init_state: kv cross size =   31.46 MB
whisper_init_state: kv pad  size  =    7.86 MB
whisper_init_state: compute buffer (conv)   =   37.69 MB
whisper_init_state: compute buffer (encode) =   67.49 MB
whisper_init_state: compute buffer (cross)  =   63.03 MB
whisper_init_state: compute buffer (decode) =  100.04 MB

system_info: n_threads = 7 / 8 | WHISPER : VITISAI = 0 | COREML = 0 | OPENVINO = 0 | MTL : EMBED_LIBRARY = 1 | CPU : NEON = 1 | ARM_FMA = 1 | MATMUL_INT8 = 1 | DOTPROD = 1 | ACCELERATE = 1 | OPENMP = 1 | REPACK = 1 | 

operator(): processing '20260928-101005-88771e.wav' (497280 samples, 31.1 sec), 7 threads, 1 processors, lang = auto, task = transcribe, timestamps = 1 ...

whisper_full_with_state: auto-detected language: ru (p = 0.458450)

whisper_print_timings:     load time =   321.31 ms
whisper_print_timings:     fallbacks =   0 p /   0 h
whisper_print_timings:      mel time =    15.33 ms
whisper_print_timings:   sample time =    55.69 ms /     1 runs (    55.69 ms per run)
whisper_print_timings:   encode time = 13601.06 ms /     4 runs (  3400.27 ms per run)
whisper_print_timings:   decode time =   616.33 ms /    90 runs (     6.85 ms per run)
whisper_print_timings:   batchd time =    21.69 ms /     6 runs (     3.62 ms per run)
whisper_print_timings:   prompt time =     0.00 ms /     1 runs (     0.00 ms per run)
whisper_print_timings:    total time = 202042.02 ms
Received second interrupt, terminating immediately.

whisper server listening at http://127.0.0.1:8178

Received request: 20260928-101005-88771e.wav
Successfully loaded 20260928-101005-88771e.wav
Running whisper.cpp inference on 20260928-101005-88771e.wav

Caught signal 2, shutting down gracefully...
src/ggml-metal/ggml-metal-device.m:1025: GGML_ASSERT([rsets->data count] == 0) failed
WARNING: Using native backtrace. Set GGML_BACKTRACE_LLDB for more info.
WARNING: GGML_BACKTRACE_LLDB may cause native MacOS Terminal.app to crash.
See: https://github.com/ggml-org/llama.cpp/pull/17869
0   libggml-base.0.24.0.dylib           0x0000000102b95818 ggml_print_backtrace + 276
1   libggml-base.0.24.0.dylib           0x0000000102bd9d04 ggml_abort + 156
2   libggml-metal.so                    0x000000010787a1e8 ggml_metal_device_id_token + 0
3   libggml-metal.so                    0x000000010787a99c ggml_metal_device_free + 40
4   libggml-metal.so                    0x00000001078830b4 _ZNSt3__110unique_ptrI17ggml_metal_device25ggml_metal_device_deleterE5resetB9nqe210106EPS1_ + 28
5   libggml-metal.so                    0x000000010787c3c8 _ZNSt3__16vectorINS_10unique_ptrI17ggml_metal_device25ggml_metal_device_deleterEENS_9allocatorIS4_EEED1B9nqe210106Ev + 60
6   libsystem_c.dylib                   0x0000000190505bb0 __cxa_finalize_ranges + 436
7   libsystem_c.dylib                   0x000000019050599c exit + 44
8   whisper-server                      0x00000001029124dc _ZN7httplib6Server13bind_internalERKNSt3__112basic_stringIcNS1_11char_traitsIcEENS1_9allocatorIcEEEEii.cold.1 + 0
9   whisper-server                      0x000000010289dae0 _ZN12_GLOBAL__N_114signal_handlerEi + 80
10  libsystem_platform.dylib            0x0000000190660144 _sigtramp + 56
11  libsystem_kernel.dylib              0x00000001906127e0 mach_vm_deallocate + 60
12  libggml-metal.so                    0x000000010787b9ec ggml_metal_buffer_free + 168
13  libggml-base.0.24.0.dylib           0x0000000102ba6664 ggml_backend_buffer_free + 36
14  libwhisper.1.9.4.dylib              0x0000000102a058bc whisper_free + 68
15  whisper-server                      0x000000010289c3d4 main + 9332
16  dyld                                0x000000019027fe80 start + 6688
load_backend: loaded BLAS backend from /opt/homebrew/Cellar/ggml/0.24.0/libexec/libggml-blas.so
ggml_metal_device_init: tensor API disabled for pre-M5 and pre-A19 devices
ggml_metal_library_init: using embedded metal library
ggml_metal_library_compile_all: compiled 'fa' library in 0.039 sec
ggml_metal_library_compile_all: compiled 'mul_mv' library in 0.053 sec
ggml_metal_library_compile_all: compiled 'mul_mm' library in 0.046 sec
ggml_metal_library_compile_all: compiled 'quantize' library in 0.048 sec
ggml_metal_library_compile_all: compiled 'softmax' library in 0.003 sec
ggml_metal_library_compile_all: compiled 'norm' library in 0.057 sec
ggml_metal_library_compile_all: compiled 'unary' library in 0.055 sec
ggml_metal_library_compile_all: compiled 'binbcast' library in 0.057 sec
ggml_metal_library_compile_all: compiled 'reduce' library in 0.054 sec
ggml_metal_library_compile_all: compiled 'tri' library in 0.004 sec
ggml_metal_library_compile_all: compiled 'ssm' library in 0.058 sec
ggml_metal_library_compile_all: compiled 'wkv' library in 0.058 sec
ggml_metal_library_compile_all: compiled 'gated_delta_net' library in 0.056 sec
ggml_metal_library_compile_all: compiled 'solve_tri' library in 0.003 sec
ggml_metal_library_compile_all: compiled 'rope' library in 0.058 sec
ggml_metal_library_compile_all: compiled 'conv' library in 0.055 sec
ggml_metal_library_compile_all: compiled 'upscale' library in 0.003 sec
ggml_metal_library_compile_all: compiled 'argsort' library in 0.003 sec
ggml_metal_library_compile_all: compiled 'pool' library in 0.055 sec
ggml_metal_library_compile_all: compiled 'misc' library in 0.054 sec
ggml_metal_library_compile_all: loaded 20 libraries from embedded data in 0.058 sec (max single = 0.058 sec)
ggml_metal_rsets_init: creating a residency set collection (keep_alive = 180 s)
ggml_metal_device_init: GPU name:   MTL0 (Apple M3)
ggml_metal_device_init: GPU family: MTLGPUFamilyApple9  (1009)
ggml_metal_device_init: GPU family: MTLGPUFamilyCommon3 (3003)
ggml_metal_device_init: GPU family: MTLGPUFamilyMetal4  (5002)
ggml_metal_device_init: simdgroup reduction   = true
ggml_metal_device_init: simdgroup matrix mul. = true
ggml_metal_device_init: has unified memory    = true
ggml_metal_device_init: has bfloat            = true
ggml_metal_device_init: has tensor            = false
ggml_metal_device_init: use residency sets    = true
ggml_metal_device_init: use shared buffers    = true
ggml_metal_device_init: recommendedMaxWorkingSetSize  = 12713.12 MB
load_backend: loaded MTL backend from /opt/homebrew/Cellar/ggml/0.24.0/libexec/libggml-metal.so
load_backend: loaded CPU backend from /opt/homebrew/Cellar/ggml/0.24.0/libexec/libggml-cpu-apple_m2_m3.so
whisper_init_from_file_with_params_no_state: loading model from '/Users/p/Documents/GitHub/bemidji/models/ggml-russian-large-v3-turbo.bin'
whisper_init_with_params_no_state: use gpu    = 1
whisper_init_with_params_no_state: flash attn = 1
whisper_init_with_params_no_state: gpu_device = 0
whisper_init_with_params_no_state: dtw        = 0
whisper_init_with_params_no_state: devices    = 3
whisper_init_with_params_no_state: backends   = 3
whisper_model_load: loading model
whisper_model_load: n_vocab       = 51866
whisper_model_load: n_audio_ctx   = 1500
whisper_model_load: n_audio_state = 1280
whisper_model_load: n_audio_head  = 20
whisper_model_load: n_audio_layer = 32
whisper_model_load: n_text_ctx    = 448
whisper_model_load: n_text_state  = 1280
whisper_model_load: n_text_head   = 20
whisper_model_load: n_text_layer  = 4
whisper_model_load: n_mels        = 128
whisper_model_load: ftype         = 8
whisper_model_load: qntvr         = 2
whisper_model_load: type          = 5 (large v3)
whisper_model_load: adding 1609 extra tokens
whisper_model_load: n_langs       = 100
whisper_model_load:         MTL0 total size =   573.40 MB
whisper_model_load: model size    =  573.40 MB
whisper_backend_init_gpu: device 0: BLAS (type: 3)
whisper_backend_init_gpu: device 1: MTL0 (type: 1)
whisper_backend_init_gpu: found GPU device 1: MTL0 (type: 1, cnt: 0)
whisper_backend_init_gpu: using MTL0 backend
ggml_metal_init: allocating
ggml_metal_init: found device: Apple M3
ggml_metal_init: picking default device: Apple M3
ggml_metal_init: use fusion         = true
ggml_metal_init: use concurrency    = true
ggml_metal_init: use graph optimize = true
whisper_backend_init: using BLAS backend
whisper_init_state: kv self size  =   10.49 MB
whisper_init_state: kv cross size =   31.46 MB
whisper_init_state: kv pad  size  =    7.86 MB
whisper_init_state: compute buffer (conv)   =   37.69 MB
whisper_init_state: compute buffer (encode) =   67.49 MB
whisper_init_state: compute buffer (cross)  =   63.03 MB
whisper_init_state: compute buffer (decode) =  100.04 MB

whisper_print_timings:     load time =   500.23 ms
whisper_print_timings:     fallbacks =   0 p /   0 h
whisper_print_timings:      mel time =     0.00 ms
whisper_print_timings:   sample time =     0.00 ms /     1 runs (     0.00 ms per run)
whisper_print_timings:   encode time =     0.00 ms /     1 runs (     0.00 ms per run)
whisper_print_timings:   decode time =     0.00 ms /     1 runs (     0.00 ms per run)
whisper_print_timings:   batchd time =     0.00 ms /     1 runs (     0.00 ms per run)
whisper_print_timings:   prompt time =     0.00 ms /     1 runs (     0.00 ms per run)
whisper_print_timings:    total time = 297167.31 ms
Received second interrupt, terminating immediately.

whisper server listening at http://127.0.0.1:8178


Caught signal 2, shutting down gracefully...
src/ggml-metal/ggml-metal-device.m:1025: GGML_ASSERT([rsets->data count] == 0) failed
WARNING: Using native backtrace. Set GGML_BACKTRACE_LLDB for more info.
WARNING: GGML_BACKTRACE_LLDB may cause native MacOS Terminal.app to crash.
See: https://github.com/ggml-org/llama.cpp/pull/17869
0   libggml-base.0.24.0.dylib           0x00000001003cd818 ggml_print_backtrace + 276
1   libggml-base.0.24.0.dylib           0x0000000100411d04 ggml_abort + 156
2   libggml-metal.so                    0x00000001051aa1e8 ggml_metal_device_id_token + 0
3   libggml-metal.so                    0x00000001051aa99c ggml_metal_device_free + 40
4   libggml-metal.so                    0x00000001051b30b4 _ZNSt3__110unique_ptrI17ggml_metal_device25ggml_metal_device_deleterE5resetB9nqe210106EPS1_ + 28
5   libggml-metal.so                    0x00000001051ac3c8 _ZNSt3__16vectorINS_10unique_ptrI17ggml_metal_device25ggml_metal_device_deleterEENS_9allocatorIS4_EEED1B9nqe210106Ev + 60
6   libsystem_c.dylib                   0x0000000190505bb0 __cxa_finalize_ranges + 436
7   libsystem_c.dylib                   0x000000019050599c exit + 44
8   whisper-server                      0x00000001001fa4dc _ZN7httplib6Server13bind_internalERKNSt3__112basic_stringIcNS1_11char_traitsIcEENS1_9allocatorIcEEEEii.cold.1 + 0
9   whisper-server                      0x0000000100185ae0 _ZN12_GLOBAL__N_114signal_handlerEi + 80
10  libsystem_platform.dylib            0x0000000190660144 _sigtramp + 56
11  libsystem_kernel.dylib              0x00000001906127e0 mach_vm_deallocate + 60
12  libggml-metal.so                    0x00000001051ab9ec ggml_metal_buffer_free + 168
13  libggml-base.0.24.0.dylib           0x00000001003de664 ggml_backend_buffer_free + 36
14  libwhisper.1.9.4.dylib              0x00000001002ed8bc whisper_free + 68
15  whisper-server                      0x00000001001843d4 main + 9332
16  dyld                                0x000000019027fe80 start + 6688
load_backend: loaded BLAS backend from /opt/homebrew/Cellar/ggml/0.24.0/libexec/libggml-blas.so
ggml_metal_device_init: tensor API disabled for pre-M5 and pre-A19 devices
ggml_metal_library_init: using embedded metal library
ggml_metal_library_compile_all: compiled 'fa' library in 0.018 sec
ggml_metal_library_compile_all: compiled 'mul_mv' library in 0.005 sec
ggml_metal_library_compile_all: compiled 'mul_mm' library in 0.003 sec
ggml_metal_library_compile_all: compiled 'quantize' library in 0.004 sec
ggml_metal_library_compile_all: compiled 'softmax' library in 0.001 sec
ggml_metal_library_compile_all: compiled 'norm' library in 0.001 sec
ggml_metal_library_compile_all: compiled 'unary' library in 0.001 sec
ggml_metal_library_compile_all: compiled 'binbcast' library in 0.001 sec
ggml_metal_library_compile_all: compiled 'reduce' library in 0.001 sec
ggml_metal_library_compile_all: compiled 'tri' library in 0.017 sec
ggml_metal_library_compile_all: compiled 'ssm' library in 0.001 sec
ggml_metal_library_compile_all: compiled 'wkv' library in 0.017 sec
ggml_metal_library_compile_all: compiled 'gated_delta_net' library in 0.001 sec
ggml_metal_library_compile_all: compiled 'solve_tri' library in 0.005 sec
ggml_metal_library_compile_all: compiled 'rope' library in 0.017 sec
ggml_metal_library_compile_all: compiled 'conv' library in 0.017 sec
ggml_metal_library_compile_all: compiled 'upscale' library in 0.005 sec
ggml_metal_library_compile_all: compiled 'argsort' library in 0.004 sec
ggml_metal_library_compile_all: compiled 'pool' library in 0.000 sec
ggml_metal_library_compile_all: compiled 'misc' library in 0.000 sec
ggml_metal_library_compile_all: loaded 20 libraries from embedded data in 0.018 sec (max single = 0.018 sec)
ggml_metal_rsets_init: creating a residency set collection (keep_alive = 180 s)
ggml_metal_device_init: GPU name:   MTL0 (Apple M3)
ggml_metal_device_init: GPU family: MTLGPUFamilyApple9  (1009)
ggml_metal_device_init: GPU family: MTLGPUFamilyCommon3 (3003)
ggml_metal_device_init: GPU family: MTLGPUFamilyMetal4  (5002)
ggml_metal_device_init: simdgroup reduction   = true
ggml_metal_device_init: simdgroup matrix mul. = true
ggml_metal_device_init: has unified memory    = true
ggml_metal_device_init: has bfloat            = true
ggml_metal_device_init: has tensor            = false
ggml_metal_device_init: use residency sets    = true
ggml_metal_device_init: use shared buffers    = true
ggml_metal_device_init: recommendedMaxWorkingSetSize  = 12713.12 MB
load_backend: loaded MTL backend from /opt/homebrew/Cellar/ggml/0.24.0/libexec/libggml-metal.so
load_backend: loaded CPU backend from /opt/homebrew/Cellar/ggml/0.24.0/libexec/libggml-cpu-apple_m2_m3.so
whisper_init_from_file_with_params_no_state: loading model from '/Users/p/Documents/GitHub/bemidji/models/ggml-russian-large-v3-turbo.bin'
whisper_init_with_params_no_state: use gpu    = 1
whisper_init_with_params_no_state: flash attn = 1
whisper_init_with_params_no_state: gpu_device = 0
whisper_init_with_params_no_state: dtw        = 0
whisper_init_with_params_no_state: devices    = 3
whisper_init_with_params_no_state: backends   = 3
whisper_model_load: loading model
whisper_model_load: n_vocab       = 51866
whisper_model_load: n_audio_ctx   = 1500
whisper_model_load: n_audio_state = 1280
whisper_model_load: n_audio_head  = 20
whisper_model_load: n_audio_layer = 32
whisper_model_load: n_text_ctx    = 448
whisper_model_load: n_text_state  = 1280
whisper_model_load: n_text_head   = 20
whisper_model_load: n_text_layer  = 4
whisper_model_load: n_mels        = 128
whisper_model_load: ftype         = 8
whisper_model_load: qntvr         = 2
whisper_model_load: type          = 5 (large v3)
whisper_model_load: adding 1609 extra tokens
whisper_model_load: n_langs       = 100
whisper_model_load:         MTL0 total size =   573.40 MB
whisper_model_load: model size    =  573.40 MB
whisper_backend_init_gpu: device 0: BLAS (type: 3)
whisper_backend_init_gpu: device 1: MTL0 (type: 1)
whisper_backend_init_gpu: found GPU device 1: MTL0 (type: 1, cnt: 0)
whisper_backend_init_gpu: using MTL0 backend
ggml_metal_init: allocating
ggml_metal_init: found device: Apple M3
ggml_metal_init: picking default device: Apple M3
ggml_metal_init: use fusion         = true
ggml_metal_init: use concurrency    = true
ggml_metal_init: use graph optimize = true
whisper_backend_init: using BLAS backend
whisper_init_state: kv self size  =   10.49 MB
whisper_init_state: kv cross size =   31.46 MB
whisper_init_state: kv pad  size  =    7.86 MB
whisper_init_state: compute buffer (conv)   =   37.69 MB
whisper_init_state: compute buffer (encode) =   67.49 MB
whisper_init_state: compute buffer (cross)  =   63.03 MB
whisper_init_state: compute buffer (decode) =  100.04 MB

whisper_print_timings:     load time =   294.76 ms
whisper_print_timings:     fallbacks =   0 p /   0 h
whisper_print_timings:      mel time =     0.00 ms
whisper_print_timings:   sample time =     0.00 ms /     1 runs (     0.00 ms per run)
whisper_print_timings:   encode time =     0.00 ms /     1 runs (     0.00 ms per run)
whisper_print_timings:   decode time =     0.00 ms /     1 runs (     0.00 ms per run)
whisper_print_timings:   batchd time =     0.00 ms /     1 runs (     0.00 ms per run)
whisper_print_timings:   prompt time =     0.00 ms /     1 runs (     0.00 ms per run)
whisper_print_timings:    total time = 79022.45 ms
Received second interrupt, terminating immediately.

whisper server listening at http://127.0.0.1:8178


Caught signal 2, shutting down gracefully...
src/ggml-metal/ggml-metal-device.m:1025: GGML_ASSERT([rsets->data count] == 0) failed
WARNING: Using native backtrace. Set GGML_BACKTRACE_LLDB for more info.
WARNING: GGML_BACKTRACE_LLDB may cause native MacOS Terminal.app to crash.
See: https://github.com/ggml-org/llama.cpp/pull/17869
0   libggml-base.0.24.0.dylib           0x00000001029a5818 ggml_print_backtrace + 276
1   libggml-base.0.24.0.dylib           0x00000001029e9d04 ggml_abort + 156
2   libggml-metal.so                    0x000000010780e1e8 ggml_metal_device_id_token + 0
3   libggml-metal.so                    0x000000010780e99c ggml_metal_device_free + 40
4   libggml-metal.so                    0x00000001078170b4 _ZNSt3__110unique_ptrI17ggml_metal_device25ggml_metal_device_deleterE5resetB9nqe210106EPS1_ + 28
5   libggml-metal.so                    0x00000001078103c8 _ZNSt3__16vectorINS_10unique_ptrI17ggml_metal_device25ggml_metal_device_deleterEENS_9allocatorIS4_EEED1B9nqe210106Ev + 60
6   libsystem_c.dylib                   0x0000000190505bb0 __cxa_finalize_ranges + 436
7   libsystem_c.dylib                   0x000000019050599c exit + 44
8   whisper-server                      0x00000001027d24dc _ZN7httplib6Server13bind_internalERKNSt3__112basic_stringIcNS1_11char_traitsIcEENS1_9allocatorIcEEEEii.cold.1 + 0
9   whisper-server                      0x000000010275dae0 _ZN12_GLOBAL__N_114signal_handlerEi + 80
10  libsystem_platform.dylib            0x0000000190660144 _sigtramp + 56
11  libsystem_kernel.dylib              0x00000001906127e0 mach_vm_deallocate + 60
12  libggml-metal.so                    0x000000010780f9ec ggml_metal_buffer_free + 168
13  libggml-base.0.24.0.dylib           0x00000001029b6664 ggml_backend_buffer_free + 36
14  libwhisper.1.9.4.dylib              0x00000001028c58bc whisper_free + 68
15  whisper-server                      0x000000010275c3d4 main + 9332
16  dyld                                0x000000019027fe80 start + 6688
load_backend: loaded BLAS backend from /opt/homebrew/Cellar/ggml/0.24.0/libexec/libggml-blas.so
ggml_metal_device_init: tensor API disabled for pre-M5 and pre-A19 devices
ggml_metal_library_init: using embedded metal library
ggml_metal_library_compile_all: compiled 'fa' library in 0.014 sec
ggml_metal_library_compile_all: compiled 'mul_mv' library in 0.017 sec
ggml_metal_library_compile_all: compiled 'mul_mm' library in 0.015 sec
ggml_metal_library_compile_all: compiled 'quantize' library in 0.018 sec
ggml_metal_library_compile_all: compiled 'softmax' library in 0.001 sec
ggml_metal_library_compile_all: compiled 'norm' library in 0.001 sec
ggml_metal_library_compile_all: compiled 'unary' library in 0.017 sec
ggml_metal_library_compile_all: compiled 'binbcast' library in 0.001 sec
ggml_metal_library_compile_all: compiled 'reduce' library in 0.015 sec
ggml_metal_library_compile_all: compiled 'tri' library in 0.015 sec
ggml_metal_library_compile_all: compiled 'ssm' library in 0.015 sec
ggml_metal_library_compile_all: compiled 'wkv' library in 0.016 sec
ggml_metal_library_compile_all: compiled 'gated_delta_net' library in 0.017 sec
ggml_metal_library_compile_all: compiled 'solve_tri' library in 0.017 sec
ggml_metal_library_compile_all: compiled 'rope' library in 0.017 sec
ggml_metal_library_compile_all: compiled 'conv' library in 0.016 sec
ggml_metal_library_compile_all: compiled 'upscale' library in 0.017 sec
ggml_metal_library_compile_all: compiled 'argsort' library in 0.016 sec
ggml_metal_library_compile_all: compiled 'pool' library in 0.017 sec
ggml_metal_library_compile_all: compiled 'misc' library in 0.016 sec
ggml_metal_library_compile_all: loaded 20 libraries from embedded data in 0.018 sec (max single = 0.018 sec)
ggml_metal_rsets_init: creating a residency set collection (keep_alive = 180 s)
ggml_metal_device_init: GPU name:   MTL0 (Apple M3)
ggml_metal_device_init: GPU family: MTLGPUFamilyApple9  (1009)
ggml_metal_device_init: GPU family: MTLGPUFamilyCommon3 (3003)
ggml_metal_device_init: GPU family: MTLGPUFamilyMetal4  (5002)
ggml_metal_device_init: simdgroup reduction   = true
ggml_metal_device_init: simdgroup matrix mul. = true
ggml_metal_device_init: has unified memory    = true
ggml_metal_device_init: has bfloat            = true
ggml_metal_device_init: has tensor            = false
ggml_metal_device_init: use residency sets    = true
ggml_metal_device_init: use shared buffers    = true
ggml_metal_device_init: recommendedMaxWorkingSetSize  = 12713.12 MB
load_backend: loaded MTL backend from /opt/homebrew/Cellar/ggml/0.24.0/libexec/libggml-metal.so
load_backend: loaded CPU backend from /opt/homebrew/Cellar/ggml/0.24.0/libexec/libggml-cpu-apple_m2_m3.so
whisper_init_from_file_with_params_no_state: loading model from '/Users/p/Documents/GitHub/bemidji/models/ggml-russian-large-v3-turbo.bin'
whisper_init_with_params_no_state: use gpu    = 1
whisper_init_with_params_no_state: flash attn = 1
whisper_init_with_params_no_state: gpu_device = 0
whisper_init_with_params_no_state: dtw        = 0
whisper_init_with_params_no_state: devices    = 3
whisper_init_with_params_no_state: backends   = 3
whisper_model_load: loading model
whisper_model_load: n_vocab       = 51866
whisper_model_load: n_audio_ctx   = 1500
whisper_model_load: n_audio_state = 1280
whisper_model_load: n_audio_head  = 20
whisper_model_load: n_audio_layer = 32
whisper_model_load: n_text_ctx    = 448
whisper_model_load: n_text_state  = 1280
whisper_model_load: n_text_head   = 20
whisper_model_load: n_text_layer  = 4
whisper_model_load: n_mels        = 128
whisper_model_load: ftype         = 8
whisper_model_load: qntvr         = 2
whisper_model_load: type          = 5 (large v3)
whisper_model_load: adding 1609 extra tokens
whisper_model_load: n_langs       = 100
whisper_model_load:         MTL0 total size =   573.40 MB
whisper_model_load: model size    =  573.40 MB
whisper_backend_init_gpu: device 0: BLAS (type: 3)
whisper_backend_init_gpu: device 1: MTL0 (type: 1)
whisper_backend_init_gpu: found GPU device 1: MTL0 (type: 1, cnt: 0)
whisper_backend_init_gpu: using MTL0 backend
ggml_metal_init: allocating
ggml_metal_init: found device: Apple M3
ggml_metal_init: picking default device: Apple M3
ggml_metal_init: use fusion         = true
ggml_metal_init: use concurrency    = true
ggml_metal_init: use graph optimize = true
whisper_backend_init: using BLAS backend
whisper_init_state: kv self size  =   10.49 MB
whisper_init_state: kv cross size =   31.46 MB
whisper_init_state: kv pad  size  =    7.86 MB
whisper_init_state: compute buffer (conv)   =   37.69 MB
whisper_init_state: compute buffer (encode) =   67.49 MB
whisper_init_state: compute buffer (cross)  =   63.03 MB
whisper_init_state: compute buffer (decode) =  100.04 MB

system_info: n_threads = 7 / 8 | WHISPER : VITISAI = 0 | COREML = 0 | OPENVINO = 0 | MTL : EMBED_LIBRARY = 1 | CPU : NEON = 1 | ARM_FMA = 1 | MATMUL_INT8 = 1 | DOTPROD = 1 | ACCELERATE = 1 | OPENMP = 1 | REPACK = 1 | 

operator(): processing '20260928-171608-249e74.wav' (48000 samples, 3.0 sec), 7 threads, 1 processors, lang = auto, task = transcribe, timestamps = 1 ...

whisper_full_with_state: auto-detected language: en (p = 0.095135)

whisper_print_timings:     load time =   275.95 ms
whisper_print_timings:     fallbacks =   2 p /   0 h
whisper_print_timings:      mel time =     3.12 ms
whisper_print_timings:   sample time =     6.77 ms /     1 runs (     6.77 ms per run)
whisper_print_timings:   encode time =  7480.48 ms /     3 runs (  2493.49 ms per run)
whisper_print_timings:   decode time =    31.70 ms /     6 runs (     5.28 ms per run)
whisper_print_timings:   batchd time =    60.32 ms /    21 runs (     2.87 ms per run)
whisper_print_timings:   prompt time =     0.00 ms /     1 runs (     0.00 ms per run)
whisper_print_timings:    total time = 1126633.62 ms
Received second interrupt, terminating immediately.

whisper server listening at http://127.0.0.1:8178

Received request: 20260928-171608-249e74.wav
Successfully loaded 20260928-171608-249e74.wav
Running whisper.cpp inference on 20260928-171608-249e74.wav

Caught signal 2, shutting down gracefully...
src/ggml-metal/ggml-metal-device.m:1025: GGML_ASSERT([rsets->data count] == 0) failed
WARNING: Using native backtrace. Set GGML_BACKTRACE_LLDB for more info.
WARNING: GGML_BACKTRACE_LLDB may cause native MacOS Terminal.app to crash.
See: https://github.com/ggml-org/llama.cpp/pull/17869
0   libggml-base.0.24.0.dylib           0x0000000104459818 ggml_print_backtrace + 276
1   libggml-base.0.24.0.dylib           0x000000010449dd04 ggml_abort + 156
2   libggml-metal.so                    0x00000001092ce1e8 ggml_metal_device_id_token + 0
3   libggml-metal.so                    0x00000001092ce99c ggml_metal_device_free + 40
4   libggml-metal.so                    0x00000001092d70b4 _ZNSt3__110unique_ptrI17ggml_metal_device25ggml_metal_device_deleterE5resetB9nqe210106EPS1_ + 28
5   libggml-metal.so                    0x00000001092d03c8 _ZNSt3__16vectorINS_10unique_ptrI17ggml_metal_device25ggml_metal_device_deleterEENS_9allocatorIS4_EEED1B9nqe210106Ev + 60
6   libsystem_c.dylib                   0x0000000190505bb0 __cxa_finalize_ranges + 436
7   libsystem_c.dylib                   0x000000019050599c exit + 44
8   whisper-server                      0x00000001042864dc _ZN7httplib6Server13bind_internalERKNSt3__112basic_stringIcNS1_11char_traitsIcEENS1_9allocatorIcEEEEii.cold.1 + 0
9   whisper-server                      0x0000000104211ae0 _ZN12_GLOBAL__N_114signal_handlerEi + 80
10  libsystem_platform.dylib            0x0000000190660144 _sigtramp + 56
11  libsystem_kernel.dylib              0x00000001906127e0 mach_vm_deallocate + 60
12  libggml-metal.so                    0x00000001092cf9ec ggml_metal_buffer_free + 168
13  libggml-base.0.24.0.dylib           0x000000010446a664 ggml_backend_buffer_free + 36
14  libwhisper.1.9.4.dylib              0x00000001043798bc whisper_free + 68
15  whisper-server                      0x00000001042103d4 main + 9332
16  dyld                                0x000000019027fe80 start + 6688
